spec,label,bar_s,scheme,lagset,horizon,horizon_seconds,train_start_utc,train_end_utc,test_start_utc,test_end_utc,train_seconds,test_seconds,n_windows,n_bars,train_n_min,train_n_max,test_n_min,test_n_max,skipped_model_asset_fits,own_r2,ar_r2,car_r2,cross_r2,placebo_cross_r2,cross_minus_own_r2,cross_minus_car_r2,cross_minus_placebo_r2,cross_hit,own_hit,car_hit,placebo_cross_hit,cross_unit_pnl_bps,own_unit_pnl_bps,car_unit_pnl_bps,placebo_cross_unit_pnl_bps,dm_own_minus_cross,p_own_vs_cross_raw,dm_car_minus_cross,p_car_vs_cross_raw,dm_placebo_cross_minus_real_cross,p_placebo_vs_real_cross_raw,control_cross_beats_own_raw_5pct,control_cross_beats_car_raw_5pct,control_cross_beats_placebo_raw_5pct,all_three_controls_raw_5pct,asset_metrics_json,secs
subminute_decay_temporal_stability,temporal stability check on the frozen in-sample spec,1,best,single_bar,1,1,2026-05-02 00:00:01 UTC,2026-06-13 00:00:01 UTC,2026-06-13 00:00:01 UTC,2026-06-27 00:00:01 UTC,3628800,1209600,1,4803165,3493470,3493470,1191243,1191243,0,0.01251597449316827,0.0012530694919127006,0.009757958460072491,0.015970937223878767,0.01251426203126077,0.003454962730710498,0.006212978763806276,0.0034566751926179973,0.6217169043275075,0.6038373286601888,0.5668251961719011,0.6040299753926407,0.09386107111397092,0.0798987688345638,0.0569315239260391,0.07995461990145153,48.76744605624994,0.0,25.923557303742893,3.974037806422244e-148,48.77444622538812,0.0,True,True,True,True,"[{""asset"":""BTC"",""own_r2"":0.015222167898663708,""ar_r2"":0.002023692193490856,""car_r2"":0.011953034931498352,""cross_r2"":0.01852754129301326,""placebo_cross_r2"":0.015220665341904915,""cross_minus_own_r2"":0.0033053733943495534,""cross_minus_car_r2"":0.006574506361514909,""cross_minus_placebo_r2"":0.0033068759511083456,""cross_hit"":0.6394846423956035,""own_hit"":0.6228477815343245,""car_hit"":0.576494315140914,""placebo_cross_hit"":0.6232034931533672,""cross_unit_pnl_bps"":0.07258581085875469,""own_unit_pnl_bps"":0.0631801199960539,""car_unit_pnl_bps"":0.04488859401180501,""placebo_cross_unit_pnl_bps"":0.06331885132008583,""n"":1191243,""cross_minus_own_unit_pnl_bps"":0.009405690862700794},{""asset"":""ETH"",""own_r2"":0.011432192084585346,""ar_r2"":0.00048622900066830343,""car_r2"":0.0067386629045009805,""cross_r2"":0.012499726022878521,""placebo_cross_r2"":0.011429862680420122,""cross_minus_own_r2"":0.0010675339382931748,""cross_minus_car_r2"":0.005761063118377541,""cross_minus_placebo_r2"":0.0010698633424583992,""cross_hit"":0.5981440591130162,""own_hit"":0.5873393851053287,""car_hit"":0.5437214068205106,""placebo_cross_hit"":0.5873249532166275,""cross_unit_pnl_bps"":0.08437441244276694,""own_unit_pnl_bps"":0.07452674569431009,""car_unit_pnl_bps"":0.04543877289266365,""placebo_cross_unit_pnl_bps"":0.07455103207258007,""n"":1191243,""cross_minus_own_unit_pnl_bps"":0.009847666748456857},{""asset"":""SOL"",""own_r2"":0.00991966248327325,""ar_r2"":0.0007311571830636021,""car_r2"":0.009868146775470099,""cross_r2"":0.015056202590175483,""placebo_cross_r2"":0.009919614369831797,""cross_minus_own_r2"":0.005136540106902232,""cross_minus_car_r2"":0.0051880558147053835,""cross_minus_placebo_r2"":0.005136588220343685,""cross_hit"":0.6242098812060402,""own_hit"":0.6061342435881905,""car_hit"":0.5760794430152429,""placebo_cross_hit"":0.6062411367733935,""cross_unit_pnl_bps"":0.11960694935863853,""own_unit_pnl_bps"":0.10267834074520214,""car_unit_pnl_bps"":0.07665086654223184,""placebo_cross_unit_pnl_bps"":0.10263519700149702,""n"":1191243,""cross_minus_own_unit_pnl_bps"":0.016928608613436383},{""asset"":""XRP"",""own_r2"":0.013489875506150772,""ar_r2"":0.0017711995904280409,""car_r2"":0.010471989228820533,""cross_r2"":0.017800278989447804,""placebo_cross_r2"":0.013486905732886245,""cross_minus_own_r2"":0.004310403483297032,""cross_minus_car_r2"":0.007328289760627271,""cross_minus_placebo_r2"":0.004313373256561559,""cross_hit"":0.6250290345953704,""own_hit"":0.5990279044129118,""car_hit"":0.5710056197109368,""placebo_cross_hit"":0.5993503184271743,""cross_unit_pnl_bps"":0.09887711179572352,""own_unit_pnl_bps"":0.07920986890268907,""car_unit_pnl_bps"":0.0607478622574559,""placebo_cross_unit_pnl_bps"":0.07931339921164324,""n"":1191243,""cross_minus_own_unit_pnl_bps"":0.019667242893034453}]",75.9
subminute_decay_temporal_stability,temporal stability check on the frozen in-sample spec,1,sum,single_bar,1,1,2026-05-02 00:00:01 UTC,2026-06-13 00:00:01 UTC,2026-06-13 00:00:01 UTC,2026-06-27 00:00:01 UTC,3628800,1209600,1,4803165,3493470,3493470,1191243,1191243,0,0.00810911296749775,0.0012530694919127006,0.009757958460072491,0.015508289986383983,0.00810657165074305,0.007399177018886233,0.005750331526311492,0.007401718335640933,0.6107207607231867,0.5930305727725975,0.5668251961719011,0.5912662556375087,0.08598440745745742,0.0723301380356021,0.0569315239260391,0.07067704512277669,66.89488613924873,0.0,25.452932083650314,7.156027976061431e-143,66.90969604533356,0.0,True,True,True,True,"[{""asset"":""BTC"",""own_r2"":0.015992390865311013,""ar_r2"":0.002023692193490856,""car_r2"":0.011953034931498352,""cross_r2"":0.018443464872071824,""placebo_cross_r2"":0.01599087010674649,""cross_minus_own_r2"":0.0024510740067608117,""cross_minus_car_r2"":0.006490429940573472,""cross_minus_placebo_r2"":0.0024525947653253333,""cross_hit"":0.6327913898207735,""own_hit"":0.6193983578524156,""car_hit"":0.576494315140914,""placebo_cross_hit"":0.6196594306003368,""cross_unit_pnl_bps"":0.06947774731167773,""own_unit_pnl_bps"":0.06210007828391114,""car_unit_pnl_bps"":0.04488859401180501,""placebo_cross_unit_pnl_bps"":0.062208342207164355,""n"":1191243,""cross_minus_own_unit_pnl_bps"":0.007377669027766591},{""asset"":""ETH"",""own_r2"":0.010559482593140546,""ar_r2"":0.00048622900066830343,""car_r2"":0.0067386629045009805,""cross_r2"":0.011242974715442444,""placebo_cross_r2"":0.01055757444197658,""cross_minus_own_r2"":0.0006834921223018986,""cross_minus_car_r2"":0.004504311810941464,""cross_minus_placebo_r2"":0.0006854002734658637,""cross_hit"":0.5860765948439672,""own_hit"":0.5805804505635652,""car_hit"":0.5437214068205106,""placebo_cross_hit"":0.580693500358392,""cross_unit_pnl_bps"":0.07592636559207434,""own_unit_pnl_bps"":0.07104655714880768,""car_unit_pnl_bps"":0.04543877289266365,""placebo_cross_unit_pnl_bps"":0.07116613288521452,""n"":1191243,""cross_minus_own_unit_pnl_bps"":0.004879808443266659},{""asset"":""SOL"",""own_r2"":0.001671634777429265,""ar_r2"":0.0007311571830636021,""car_r2"":0.009868146775470099,""cross_r2"":0.016799358141667664,""placebo_cross_r2"":0.001669736257856047,""cross_minus_own_r2"":0.015127723364238399,""cross_minus_car_r2"":0.006931211366197565,""cross_minus_placebo_r2"":0.015129621883811617,""cross_hit"":0.6146144362809723,""own_hit"":0.583658169846145,""car_hit"":0.5760794430152429,""placebo_cross_hit"":0.5772980253265587,""cross_unit_pnl_bps"":0.11058595455752178,""own_unit_pnl_bps"":0.08347362359171119,""car_unit_pnl_bps"":0.07665086654223184,""placebo_cross_unit_pnl_bps"":0.07755615990348701,""n"":1191243,""cross_minus_own_unit_pnl_bps"":0.027112330965810588},{""asset"":""XRP"",""own_r2"":0.004212943634110178,""ar_r2"":0.0017711995904280409,""car_r2"":0.010471989228820533,""cross_r2"":0.015547362216354,""placebo_cross_r2"":0.00420810579639308,""cross_minus_own_r2"":0.011334418582243821,""cross_minus_car_r2"":0.005075372987533466,""cross_minus_placebo_r2"":0.01133925641996092,""cross_hit"":0.6094006219470339,""own_hit"":0.5884853128282642,""car_hit"":0.5710056197109368,""placebo_cross_hit"":0.587414066264747,""cross_unit_pnl_bps"":0.08794756236855585,""own_unit_pnl_bps"":0.07270029311797843,""car_unit_pnl_bps"":0.0607478622574559,""placebo_cross_unit_pnl_bps"":0.07177754549524086,""n"":1191243,""cross_minus_own_unit_pnl_bps"":0.015247269250577414}]",75.6
subminute_decay_temporal_stability,temporal stability check on the frozen in-sample spec,1,distance,single_bar,1,1,2026-05-02 00:00:01 UTC,2026-06-13 00:00:01 UTC,2026-06-13 00:00:01 UTC,2026-06-27 00:00:01 UTC,3628800,1209600,1,4803165,3493470,3493470,1191243,1191243,0,0.009700442538384979,0.0012530694919127006,0.009757958460072491,0.015553558859087435,0.0096983253899883,0.005853116320702456,0.005795600399014944,0.005855233469099136,0.6177025026499665,0.6057514857778054,0.5668251961719011,0.6054310764703803,0.09049869380171122,0.08180650719979904,0.0569315239260391,0.08146520843194854,66.86373710743143,0.0,24.623573349739093,7.632852253811049e-134,66.87421503215695,0.0,True,True,True,True,"[{""asset"":""BTC"",""own_r2"":0.01606491598162818,""ar_r2"":0.002023692193490856,""car_r2"":0.011953034931498352,""cross_r2"":0.018778872295968307,""placebo_cross_r2"":0.01606330498253916,""cross_minus_own_r2"":0.002713956314340127,""cross_minus_car_r2"":0.0068258373644699555,""cross_minus_placebo_r2"":0.002715567313429146,""cross_hit"":0.6400296317568891,""own_hit"":0.6249298366989962,""car_hit"":0.576494315140914,""placebo_cross_hit"":0.6248058271437336,""cross_unit_pnl_bps"":0.07274277486129996,""own_unit_pnl_bps"":0.06468540349597406,""car_unit_pnl_bps"":0.04488859401180501,""placebo_cross_unit_pnl_bps"":0.0645685657191481,""n"":1191243,""cross_minus_own_unit_pnl_bps"":0.008057371365325902},{""asset"":""ETH"",""own_r2"":0.011842498251033562,""ar_r2"":0.00048622900066830343,""car_r2"":0.0067386629045009805,""cross_r2"":0.012354921113065354,""placebo_cross_r2"":0.011840051635020665,""cross_minus_own_r2"":0.0005124228620317917,""cross_minus_car_r2"":0.005616258208564373,""cross_minus_placebo_r2"":0.0005148694780446883,""cross_hit"":0.5954380799815272,""own_hit"":0.5888884078259322,""car_hit"":0.5437214068205106,""placebo_cross_hit"":0.5889966469911917,""cross_unit_pnl_bps"":0.08247068550938189,""own_unit_pnl_bps"":0.07641485925140652,""car_unit_pnl_bps"":0.04543877289266365,""placebo_cross_unit_pnl_bps"":0.0764660300413601,""n"":1191243,""cross_minus_own_unit_pnl_bps"":0.0060558262579753636},{""asset"":""SOL"",""own_r2"":0.0033321896340714474,""ar_r2"":0.0007311571830636021,""car_r2"":0.009868146775470099,""cross_r2"":0.015577345803179155,""placebo_cross_r2"":0.003332193192066679,""cross_minus_own_r2"":0.012245156169107707,""cross_minus_car_r2"":0.005709199027709055,""cross_minus_placebo_r2"":0.012245152611112475,""cross_hit"":0.6168378145331974,""own_hit"":0.6067969813364499,""car_hit"":0.5760794430152429,""placebo_cross_hit"":0.6058812630498763,""cross_unit_pnl_bps"":0.11231006859709565,""own_unit_pnl_bps"":0.10388028481071442,""car_unit_pnl_bps"":0.07665086654223184,""placebo_cross_unit_pnl_bps"":0.10296254279032058,""n"":1191243,""cross_minus_own_unit_pnl_bps"":0.008429783786381234},{""asset"":""XRP"",""own_r2"":0.007562166286806726,""ar_r2"":0.0017711995904280409,""car_r2"":0.010471989228820533,""cross_r2"":0.015503096224136925,""placebo_cross_r2"":0.007557751750326691,""cross_minus_own_r2"":0.007940929937330199,""cross_minus_car_r2"":0.005031106995316392,""cross_minus_placebo_r2"":0.007945344473810234,""cross_hit"":0.6185044843282521,""own_hit"":0.6023907172498432,""car_hit"":0.5710056197109368,""placebo_cross_hit"":0.6020405686967194,""cross_unit_pnl_bps"":0.09447124623906741,""own_unit_pnl_bps"":0.08224548124110113,""car_unit_pnl_bps"":0.0607478622574559,""placebo_cross_unit_pnl_bps"":0.08186369517696539,""n"":1191243,""cross_minus_own_unit_pnl_bps"":0.01222576499796628}]",75.6
subminute_decay_temporal_stability,temporal stability check on the frozen in-sample spec,1,pca,single_bar,1,1,2026-05-02 00:00:01 UTC,2026-06-13 00:00:01 UTC,2026-06-13 00:00:01 UTC,2026-06-27 00:00:01 UTC,3628800,1209600,1,4803165,3493470,3493470,1191243,1191243,0,0.008135127317951824,0.0012530694919127006,0.009757958460072491,0.01552794885702155,0.008133322151813283,0.007392821539069727,0.00576999039694906,0.007394626705208268,0.6153039156299546,0.5919199977446767,0.5668251961719011,0.5904392676962695,0.08872276012995285,0.0705008747072366,0.0569315239260391,0.06925156351157409,72.51696286295844,0.0,24.19508490498879,2.6936848123690457e-129,72.52615107040103,0.0,True,True,True,True,"[{""asset"":""BTC"",""own_r2"":0.015521567430829109,""ar_r2"":0.002023692193490856,""car_r2"":0.011953034931498352,""cross_r2"":0.018395861427360494,""placebo_cross_r2"":0.015520534966044552,""cross_minus_own_r2"":0.002874293996531385,""cross_minus_car_r2"":0.006442826495862142,""cross_minus_placebo_r2"":0.0028753264613159413,""cross_hit"":0.6391256673672119,""own_hit"":0.6248058271437336,""car_hit"":0.576494315140914,""placebo_cross_hit"":0.6250832169383999,""cross_unit_pnl_bps"":0.07226960384065353,""own_unit_pnl_bps"":0.06427014467581546,""car_unit_pnl_bps"":0.04488859401180501,""placebo_cross_unit_pnl_bps"":0.06450885860783422,""n"":1191243,""cross_minus_own_unit_pnl_bps"":0.007999459164838074},{""asset"":""ETH"",""own_r2"":0.011681010452009755,""ar_r2"":0.00048622900066830343,""car_r2"":0.0067386629045009805,""cross_r2"":0.012046532825209622,""placebo_cross_r2"":0.011679269639847889,""cross_minus_own_r2"":0.0003655223731998669,""cross_minus_car_r2"":0.005307869920708641,""cross_minus_placebo_r2"":0.0003672631853617325,""cross_hit"":0.5918854300462302,""own_hit"":0.5871060695713248,""car_hit"":0.5437214068205106,""placebo_cross_hit"":0.5872311459400692,""cross_unit_pnl_bps"":0.07924886727057999,""own_unit_pnl_bps"":0.07498386250496906,""car_unit_pnl_bps"":0.04543877289266365,""placebo_cross_unit_pnl_bps"":0.075125992002976,""n"":1191243,""cross_minus_own_unit_pnl_bps"":0.004265004765610925},{""asset"":""SOL"",""own_r2"":0.0015220539646229048,""ar_r2"":0.0007311571830636021,""car_r2"":0.009868146775470099,""cross_r2"":0.016481000476538332,""placebo_cross_r2"":0.001522030289940468,""cross_minus_own_r2"":0.014958946511915427,""cross_minus_car_r2"":0.006612853701068233,""cross_minus_placebo_r2"":0.014958970186597864,""cross_hit"":0.618893726795271,""own_hit"":0.5753882004175961,""car_hit"":0.5760794430152429,""placebo_cross_hit"":0.5709556963378395,""cross_unit_pnl_bps"":0.11423155017810188,""own_unit_pnl_bps"":0.07587892696867714,""car_unit_pnl_bps"":0.07665086654223184,""placebo_cross_unit_pnl_bps"":0.07206863313963162,""n"":1191243,""cross_minus_own_unit_pnl_bps"":0.038352623209424744},{""asset"":""XRP"",""own_r2"":0.0038158774243455262,""ar_r2"":0.0017711995904280409,""car_r2"":0.010471989228820533,""cross_r2"":0.015188400698977755,""placebo_cross_r2"":0.0038114537114202207,""cross_minus_own_r2"":0.011372523274632229,""cross_minus_car_r2"":0.004716411470157222,""cross_minus_placebo_r2"":0.011376946987557535,""cross_hit"":0.6113108383111052,""own_hit"":0.5803798938460525,""car_hit"":0.5710056197109368,""placebo_cross_hit"":0.5784870115687695,""cross_unit_pnl_bps"":0.08914101923047603,""own_unit_pnl_bps"":0.06687056467948473,""car_unit_pnl_bps"":0.0607478622574559,""placebo_cross_unit_pnl_bps"":0.06530277029585452,""n"":1191243,""cross_minus_own_unit_pnl_bps"":0.022270454550991303}]",75.3
subminute_decay_temporal_stability,temporal stability check on the frozen in-sample spec,2,best,single_bar,1,2,2026-05-02 00:00:01 UTC,2026-06-13 00:00:01 UTC,2026-06-13 00:00:01 UTC,2026-06-27 00:00:01 UTC,3628800,1209600,1,2384756,1723573,1723573,586958,586958,0,0.008626626742627014,0.0005614537551832943,0.006187453046921948,0.010853500099698044,0.00862534642153956,0.0022268733570710297,0.0046660470527760955,0.0022281536781584843,0.5872334029361466,0.5797091185983254,0.55317653954106,0.579693625710295,0.11952532000313543,0.10954764302717318,0.07927187381914155,0.10942367532640493,27.635020387281994,5.418321066362236e-168,17.515225142627862,1.1416428514279964e-68,27.649867334506716,3.5944056790861864e-168,True,True,True,True,"[{""asset"":""BTC"",""own_r2"":0.012483024696543277,""ar_r2"":0.0011675649633081653,""car_r2"":0.009108017079073272,""cross_r2"":0.01457509441279392,""placebo_cross_r2"":0.012482949935095466,""cross_minus_own_r2"":0.002092069716250644,""cross_minus_car_r2"":0.005467077333720649,""cross_minus_placebo_r2"":0.0020921444776984544,""cross_hit"":0.6086893226747049,""own_hit"":0.6030031984448793,""car_hit"":0.5638254599637766,""placebo_cross_hit"":0.6031444952066144,""cross_unit_pnl_bps"":0.10182871920031376,""own_unit_pnl_bps"":0.09643131511616354,""car_unit_pnl_bps"":0.06850992671513358,""placebo_cross_unit_pnl_bps"":0.09629770010948244,""n"":586958,""cross_minus_own_unit_pnl_bps"":0.005397404084150223},{""asset"":""ETH"",""own_r2"":0.007379287687042768,""ar_r2"":0.0001622888759861274,""car_r2"":0.004049917137452952,""cross_r2"":0.007845166987425212,""placebo_cross_r2"":0.007378025665497168,""cross_minus_own_r2"":0.0004658793003824435,""cross_minus_car_r2"":0.0037952498499722598,""cross_minus_placebo_r2"":0.00046714132192804403,""cross_hit"":0.5682357978684258,""own_hit"":0.5652083737547419,""car_hit"":0.536840908026521,""placebo_cross_hit"":0.5654191226156944,""cross_unit_pnl_bps"":0.10541690566570448,""own_unit_pnl_bps"":0.10082905768659377,""car_unit_pnl_bps"":0.06359332708948608,""placebo_cross_unit_pnl_bps"":0.10133776648746869,""n"":586958,""cross_minus_own_unit_pnl_bps"":0.004587847979110715},{""asset"":""SOL"",""own_r2"":0.005988159569478957,""ar_r2"":0.0002837761772942482,""car_r2"":0.005814341911863474,""cross_r2"":0.009449069892302542,""placebo_cross_r2"":0.0059838619784108316,""cross_minus_own_r2"":0.003460910322823585,""cross_minus_car_r2"":0.0036347279804390675,""cross_minus_placebo_r2"":0.0034652079138917102,""cross_hit"":0.5839691452449353,""own_hit"":0.5741568108047607,""car_hit"":0.5573070178711338,""placebo_cross_hit"":0.5738396821251353,""cross_unit_pnl_bps"":0.14495928795960736,""own_unit_pnl_bps"":0.1298878394461296,""car_unit_pnl_bps"":0.10164794599364138,""placebo_cross_unit_pnl_bps"":0.12879419025217628,""n"":586958,""cross_minus_own_unit_pnl_bps"":0.015071448513477748},{""asset"":""XRP"",""own_r2"":0.008656035017443053,""ar_r2"":0.0006321850041446364,""car_r2"":0.005777536059298094,""cross_r2"":0.0115446691062705,""placebo_cross_r2"":0.008656548107154771,""cross_minus_own_r2"":0.0028886340888274464,""cross_minus_car_r2"":0.005767133046972406,""cross_minus_placebo_r2"":0.0028881209991157286,""cross_hit"":0.5880393459565202,""own_hit"":0.5764680913889196,""car_hit"":0.5547327723028088,""placebo_cross_hit"":0.5763712028937363,""cross_unit_pnl_bps"":0.12589636718691613,""own_unit_pnl_bps"":0.11104235985980582,""car_unit_pnl_bps"":0.08333629547830515,""placebo_cross_unit_pnl_bps"":0.1112650444564923,""n"":586958,""cross_minus_own_unit_pnl_bps"":0.014854007327110313}]",37.8
subminute_decay_temporal_stability,temporal stability check on the frozen in-sample spec,2,sum,single_bar,1,2,2026-05-02 00:00:01 UTC,2026-06-13 00:00:01 UTC,2026-06-13 00:00:01 UTC,2026-06-27 00:00:01 UTC,3628800,1209600,1,2384756,1723573,1723573,586958,586958,0,0.0055514533561827895,0.0005614537551832943,0.006187453046921948,0.010678795890795872,0.005546980419183445,0.005127342534613083,0.0044913428438739245,0.005131815471612428,0.5812366061183494,0.5663828446018184,0.55317653954106,0.5642812036416963,0.11142722091251467,0.09161509908155001,0.07927187381914155,0.08829335992116186,37.83802247434349,0.0,17.529049498719406,8.954572497811624e-69,37.86426114112986,0.0,True,True,True,True,"[{""asset"":""BTC"",""own_r2"":0.012490091085697208,""ar_r2"":0.0011675649633081653,""car_r2"":0.009108017079073272,""cross_r2"":0.014117208070777987,""placebo_cross_r2"":0.012486882789057407,""cross_minus_own_r2"":0.0016271169850807787,""cross_minus_car_r2"":0.005009190991704715,""cross_minus_placebo_r2"":0.0016303252817205793,""cross_hit"":0.6035084414110836,""own_hit"":0.599543568642395,""car_hit"":0.5638254599637766,""placebo_cross_hit"":0.5997234008846034,""cross_unit_pnl_bps"":0.09710062201204035,""own_unit_pnl_bps"":0.0940909308389736,""car_unit_pnl_bps"":0.06850992671513358,""placebo_cross_unit_pnl_bps"":0.09410448932098904,""n"":586958,""cross_minus_own_unit_pnl_bps"":0.0030096911730667503},{""asset"":""ETH"",""own_r2"":0.0065429089832778065,""ar_r2"":0.0001622888759861274,""car_r2"":0.004049917137452952,""cross_r2"":0.006786073430837258,""placebo_cross_r2"":0.006539833456095212,""cross_minus_own_r2"":0.00024316444755945188,""cross_minus_car_r2"":0.0027361562933843064,""cross_minus_placebo_r2"":0.0002462399747420463,""cross_hit"":0.5605953153538908,""own_hit"":0.5590063358467087,""car_hit"":0.536840908026521,""placebo_cross_hit"":0.5588323844059224,""cross_unit_pnl_bps"":0.09469532348429549,""own_unit_pnl_bps"":0.09374614683259455,""car_unit_pnl_bps"":0.06359332708948608,""placebo_cross_unit_pnl_bps"":0.09330705700252816,""n"":586958,""cross_minus_own_unit_pnl_bps"":0.0009491766517009392},{""asset"":""SOL"",""own_r2"":0.0009388919664314876,""ar_r2"":0.0002837761772942482,""car_r2"":0.005814341911863474,""cross_r2"":0.011375288970579267,""placebo_cross_r2"":0.0009325957911598959,""cross_minus_own_r2"":0.01043639700414778,""cross_minus_car_r2"":0.005560947058715793,""cross_minus_placebo_r2"":0.010442693179419371,""cross_hit"":0.5834841249113906,""own_hit"":0.5472381822930269,""car_hit"":0.5573070178711338,""placebo_cross_hit"":0.5410541730403313,""cross_unit_pnl_bps"":0.1422517402911492,""own_unit_pnl_bps"":0.08781308786419019,""car_unit_pnl_bps"":0.10164794599364138,""placebo_cross_unit_pnl_bps"":0.07772558855256718,""n"":586958,""cross_minus_own_unit_pnl_bps"":0.054438652426959014},{""asset"":""XRP"",""own_r2"":0.0022339213893246557,""ar_r2"":0.0006321850041446364,""car_r2"":0.005777536059298094,""cross_r2"":0.010436613090988978,""placebo_cross_r2"":0.002228609640421264,""cross_minus_own_r2"":0.008202691701664322,""cross_minus_car_r2"":0.004659077031690884,""cross_minus_placebo_r2"":0.008208003450567714,""cross_hit"":0.5773585427970325,""own_hit"":0.559743291625143,""car_hit"":0.5547327723028088,""placebo_cross_hit"":0.5575148562359281,""cross_unit_pnl_bps"":0.11166119786257366,""own_unit_pnl_bps"":0.0908102307904417,""car_unit_pnl_bps"":0.08333629547830515,""placebo_cross_unit_pnl_bps"":0.08803630480856306,""n"":586958,""cross_minus_own_unit_pnl_bps"":0.02085096707213195}]",37.1
subminute_decay_temporal_stability,temporal stability check on the frozen in-sample spec,2,distance,single_bar,1,2,2026-05-02 00:00:01 UTC,2026-06-13 00:00:01 UTC,2026-06-13 00:00:01 UTC,2026-06-27 00:00:01 UTC,3628800,1209600,1,2384756,1723573,1723573,586958,586958,0,0.006645877499171671,0.0005614537551832943,0.006187453046921948,0.010719195486880911,0.006642103481614037,0.004073317987709241,0.004531742439958963,0.004077092005266875,0.584801434039116,0.57758572941551,0.55317653954106,0.577039903423417,0.11614586967943788,0.10685591320776361,0.07927187381914155,0.10569428319040527,37.686667175853856,1.93894170576106e-310,17.14313422410648,7.340096105103364e-66,37.71893273851224,0.0,True,True,True,True,"[{""asset"":""BTC"",""own_r2"":0.012947295295707817,""ar_r2"":0.0011675649633081653,""car_r2"":0.009108017079073272,""cross_r2"":0.014623475288140453,""placebo_cross_r2"":0.012944128829285306,""cross_minus_own_r2"":0.001676179992432636,""cross_minus_car_r2"":0.005515458209067181,""cross_minus_placebo_r2"":0.0016793464588551466,""cross_hit"":0.6080085291863447,""own_hit"":0.6040008392171303,""car_hit"":0.5638254599637766,""placebo_cross_hit"":0.6042363338200222,""cross_unit_pnl_bps"":0.10082220597572984,""own_unit_pnl_bps"":0.09734782708154163,""car_unit_pnl_bps"":0.06850992671513358,""placebo_cross_unit_pnl_bps"":0.09747728070798323,""n"":586958,""cross_minus_own_unit_pnl_bps"":0.0034743788941882098},{""asset"":""ETH"",""own_r2"":0.0075094845365735186,""ar_r2"":0.0001622888759861274,""car_r2"":0.004049917137452952,""cross_r2"":0.007668377730112308,""placebo_cross_r2"":0.007506370169515497,""cross_minus_own_r2"":0.0001588931935387894,""cross_minus_car_r2"":0.003618460592659356,""cross_minus_placebo_r2"":0.00016200756059681076,""cross_hit"":0.5661717971190965,""own_hit"":0.5656499427967377,""car_hit"":0.536840908026521,""placebo_cross_hit"":0.5656164905965866,""cross_unit_pnl_bps"":0.10191624683905426,""own_unit_pnl_bps"":0.10228084937081698,""car_unit_pnl_bps"":0.06359332708948608,""placebo_cross_unit_pnl_bps"":0.10221106825632605,""n"":586958,""cross_minus_own_unit_pnl_bps"":-0.0003646025317627227},{""asset"":""SOL"",""own_r2"":0.0018848813859950742,""ar_r2"":0.0002837761772942482,""car_r2"":0.005814341911863474,""cross_r2"":0.010462711882328501,""placebo_cross_r2"":0.0018792686383749535,""cross_minus_own_r2"":0.008577830496333427,""cross_minus_car_r2"":0.004648369970465027,""cross_minus_placebo_r2"":0.008583443243953548,""cross_hit"":0.5837359623922695,""own_hit"":0.5699035555721375,""car_hit"":0.5573070178711338,""placebo_cross_hit"":0.5677442823564527,""cross_unit_pnl_bps"":0.14410422222667876,""own_unit_pnl_bps"":0.12280819967030097,""car_unit_pnl_bps"":0.10164794599364138,""placebo_cross_unit_pnl_bps"":0.1187162719533119,""n"":586958,""cross_minus_own_unit_pnl_bps"":0.02129602255637779},{""asset"":""XRP"",""own_r2"":0.004241848778410273,""ar_r2"":0.0006321850041446364,""car_r2"":0.005777536059298094,""cross_r2"":0.010122217046942383,""placebo_cross_r2"":0.00423864628928039,""cross_minus_own_r2"":0.00588036826853211,""cross_minus_car_r2"":0.004344680987644289,""cross_minus_placebo_r2"":0.005883570757661993,""cross_hit"":0.5812894474587532,""own_hit"":0.5707885800760344,""car_hit"":0.5547327723028088,""placebo_cross_hit"":0.5705625069206068,""cross_unit_pnl_bps"":0.11774080367628871,""own_unit_pnl_bps"":0.10498677670839485,""car_unit_pnl_bps"":0.08333629547830515,""placebo_cross_unit_pnl_bps"":0.10437251184399995,""n"":586958,""cross_minus_own_unit_pnl_bps"":0.012754026967893864}]",38.2
subminute_decay_temporal_stability,temporal stability check on the frozen in-sample spec,2,pca,single_bar,1,2,2026-05-02 00:00:01 UTC,2026-06-13 00:00:01 UTC,2026-06-13 00:00:01 UTC,2026-06-27 00:00:01 UTC,3628800,1209600,1,2384756,1723573,1723573,586958,586958,0,0.005726325007159944,0.0005614537551832943,0.006187453046921948,0.010986837209028905,0.0057222791094109215,0.005260512201868961,0.004799384162106957,0.005264558099617983,0.5840298906798536,0.5652652341111023,0.55317653954106,0.5636880039477552,0.11545129652074985,0.08901058764771959,0.07927187381914155,0.08622247187340581,41.845581534937764,0.0,17.87834343540152,1.8171058713231133e-71,41.878058006498684,0.0,True,True,True,True,"[{""asset"":""BTC"",""own_r2"":0.012650033360117385,""ar_r2"":0.0011675649633081653,""car_r2"":0.009108017079073272,""cross_r2"":0.014455274925358919,""placebo_cross_r2"":0.012647066099914173,""cross_minus_own_r2"":0.0018052415652415332,""cross_minus_car_r2"":0.005347257846285647,""cross_minus_placebo_r2"":0.001808208825444746,""cross_hit"":0.6070751142148824,""own_hit"":0.6040308112574984,""car_hit"":0.5638254599637766,""placebo_cross_hit"":0.6040779101780768,""cross_unit_pnl_bps"":0.10036431715852356,""own_unit_pnl_bps"":0.09748786810552251,""car_unit_pnl_bps"":0.06850992671513358,""placebo_cross_unit_pnl_bps"":0.09721017710241199,""n"":586958,""cross_minus_own_unit_pnl_bps"":0.002876449053001051},{""asset"":""ETH"",""own_r2"":0.007389994965058766,""ar_r2"":0.0001622888759861274,""car_r2"":0.004049917137452952,""cross_r2"":0.0075168648184128495,""placebo_cross_r2"":0.007387015369755834,""cross_minus_own_r2"":0.00012686985335408352,""cross_minus_car_r2"":0.0034669476809598976,""cross_minus_placebo_r2"":0.00012984944865701564,""cross_hit"":0.5642583312704477,""own_hit"":0.5640542728495254,""car_hit"":0.536840908026521,""placebo_cross_hit"":0.5640643085095707,""cross_unit_pnl_bps"":0.1002363389577059,""own_unit_pnl_bps"":0.09974424809891394,""car_unit_pnl_bps"":0.06359332708948608,""placebo_cross_unit_pnl_bps"":0.09943810076964092,""n"":586958,""cross_minus_own_unit_pnl_bps"":0.0004920908587919548},{""asset"":""SOL"",""own_r2"":0.0008529409106486918,""ar_r2"":0.0002837761772942482,""car_r2"":0.005814341911863474,""cross_r2"":0.011460401313360902,""placebo_cross_r2"":0.0008463752682834613,""cross_minus_own_r2"":0.01060746040271221,""cross_minus_car_r2"":0.0056460594014974275,""cross_minus_placebo_r2"":0.01061402604507744,""cross_hit"":0.5863802559414991,""own_hit"":0.5404991978509869,""car_hit"":0.5573070178711338,""placebo_cross_hit"":0.5354111480058202,""cross_unit_pnl_bps"":0.14731243088748672,""own_unit_pnl_bps"":0.07802780963515527,""car_unit_pnl_bps"":0.10164794599364138,""placebo_cross_unit_pnl_bps"":0.06895618773036953,""n"":586958,""cross_minus_own_unit_pnl_bps"":0.06928462125233145},{""asset"":""XRP"",""own_r2"":0.0020123307928149314,""ar_r2"":0.0006321850041446364,""car_r2"":0.005777536059298094,""cross_r2"":0.010514807778982949,""placebo_cross_r2"":0.0020086596996902184,""cross_minus_own_r2"":0.008502476986168017,""cross_minus_car_r2"":0.004737271719684855,""cross_minus_placebo_r2"":0.00850614807929273,""cross_hit"":0.5784058612925848,""own_hit"":0.5524766544863987,""car_hit"":0.5547327723028088,""placebo_cross_hit"":0.5511986490975529,""cross_unit_pnl_bps"":0.11389209907928327,""own_unit_pnl_bps"":0.08078242475128668,""car_unit_pnl_bps"":0.08333629547830515,""placebo_cross_unit_pnl_bps"":0.07928542189120082,""n"":586958,""cross_minus_own_unit_pnl_bps"":0.033109674327996594}]",37.4
subminute_decay_temporal_stability,temporal stability check on the frozen in-sample spec,3,best,single_bar,1,3,2026-05-02 00:00:01 UTC,2026-06-13 00:00:01 UTC,2026-06-13 00:00:01 UTC,2026-06-27 00:00:01 UTC,3628800,1209600,1,1578943,1134160,1134160,385779,385779,0,0.007524546288814132,0.0006930065586377709,0.005233452201442057,0.009360222709678123,0.0075247186750973805,0.0018356764208639909,0.004126770508236066,0.0018355040345807427,0.5711131423785143,0.5657741132003911,0.5466293228968654,0.5657252705196358,0.13583609295258825,0.12524655969112936,0.09636357012739946,0.12537633222179795,20.657139192609236,9.479838728131275e-95,12.575931629333885,2.9114236651905827e-36,20.64742085422934,1.1589730024518389e-94,True,True,True,True,"[{""asset"":""BTC"",""own_r2"":0.011690459137931986,""ar_r2"":0.0014427729370457554,""car_r2"":0.007654042672204486,""cross_r2"":0.013458517446425011,""placebo_cross_r2"":0.011692003279377694,""cross_minus_own_r2"":0.0017680583084930257,""cross_minus_car_r2"":0.005804474774220525,""cross_minus_placebo_r2"":0.0017665141670473172,""cross_hit"":0.5934989462262379,""own_hit"":0.5889082486488743,""car_hit"":0.5581610082841224,""placebo_cross_hit"":0.5888665150345346,""cross_unit_pnl_bps"":0.12356003122559768,""own_unit_pnl_bps"":0.11767488285427159,""car_unit_pnl_bps"":0.08553797873955712,""placebo_cross_unit_pnl_bps"":0.11770740532825559,""n"":385779,""cross_minus_own_unit_pnl_bps"":0.005885148371326088},{""asset"":""ETH"",""own_r2"":0.005876787186495092,""ar_r2"":0.00033622191519033784,""car_r2"":0.003098420239695643,""cross_r2"":0.006364024579908478,""placebo_cross_r2"":0.00587652320399934,""cross_minus_own_r2"":0.0004872373934133867,""cross_minus_car_r2"":0.0032656043402128354,""cross_minus_placebo_r2"":0.00048750137590913845,""cross_hit"":0.5543040518198852,""own_hit"":0.5523540234172976,""car_hit"":0.5315607857766624,""placebo_cross_hit"":0.5523370666485794,""cross_unit_pnl_bps"":0.11632148748188077,""own_unit_pnl_bps"":0.11148884201609005,""car_unit_pnl_bps"":0.07248936747682498,""placebo_cross_unit_pnl_bps"":0.11154996763187605,""n"":385779,""cross_minus_own_unit_pnl_bps"":0.004832645465790722},{""asset"":""SOL"",""own_r2"":0.004909389457382063,""ar_r2"":0.00033353793002310894,""car_r2"":0.005160212243078055,""cross_r2"":0.007602016208046014,""placebo_cross_r2"":0.004907312161015587,""cross_minus_own_r2"":0.002692626750663951,""cross_minus_car_r2"":0.002441803964967959,""cross_minus_placebo_r2"":0.0026947040470304273,""cross_hit"":0.564687516024454,""own_hit"":0.5579415769772039,""car_hit"":0.5490134633901762,""placebo_cross_hit"":0.5578162301367989,""cross_unit_pnl_bps"":0.15774518456176037,""own_unit_pnl_bps"":0.14171388094967532,""car_unit_pnl_bps"":0.12151979961234675,""placebo_cross_unit_pnl_bps"":0.14167793663536507,""n"":385779,""cross_minus_own_unit_pnl_bps"":0.016031303612085046},{""asset"":""XRP"",""own_r2"":0.007621549373447389,""ar_r2"":0.0006594934522918816,""car_r2"":0.005021133650790044,""cross_r2"":0.01001633260433299,""placebo_cross_r2"":0.007623036055996901,""cross_minus_own_r2"":0.0023947832308856,""cross_minus_car_r2"":0.004995198953542945,""cross_minus_placebo_r2"":0.002393296548336088,""cross_hit"":0.5719620554434799,""own_hit"":0.5638926037581885,""car_hit"":0.5477820341365006,""placebo_cross_hit"":0.5638812702586304,""cross_unit_pnl_bps"":0.14571766854111418,""own_unit_pnl_bps"":0.13010863294448047,""car_unit_pnl_bps"":0.10590713468086899,""placebo_cross_unit_pnl_bps"":0.13057001929169515,""n"":385779,""cross_minus_own_unit_pnl_bps"":0.015609035596633708}]",24.6
subminute_decay_temporal_stability,temporal stability check on the frozen in-sample spec,3,sum,single_bar,1,3,2026-05-02 00:00:01 UTC,2026-06-13 00:00:01 UTC,2026-06-13 00:00:01 UTC,2026-06-27 00:00:01 UTC,3628800,1209600,1,1578943,1134160,1134160,385779,385779,0,0.004999180383393531,0.0006930065586377709,0.005233452201442057,0.009274232527405168,0.005001641384524025,0.004275052144011637,0.004040780325963111,0.004272591142881144,0.567654723349521,0.5533650531762331,0.5466293228968654,0.5521108897040111,0.13002923940065092,0.10312197984657681,0.09636357012739946,0.10101919622065578,28.63481688533787,3.832258460177713e-180,12.774059508344488,2.3292966369767523e-37,28.621937630410287,5.539103362849345e-180,True,True,True,True,"[{""asset"":""BTC"",""own_r2"":0.011618758982467559,""ar_r2"":0.0014427729370457554,""car_r2"":0.007654042672204486,""cross_r2"":0.01307574875900075,""placebo_cross_r2"":0.01162641257486019,""cross_minus_own_r2"":0.0014569897765331907,""cross_minus_car_r2"":0.005421706086796263,""cross_minus_placebo_r2"":0.0014493361841405594,""cross_hit"":0.5899307222001962,""own_hit"":0.5857834442751915,""car_hit"":0.5581610082841224,""placebo_cross_hit"":0.5858877783110407,""cross_unit_pnl_bps"":0.11863915982026324,""own_unit_pnl_bps"":0.11392129991584625,""car_unit_pnl_bps"":0.08553797873955712,""placebo_cross_unit_pnl_bps"":0.11385533238401276,""n"":385779,""cross_minus_own_unit_pnl_bps"":0.0047178599044169905},{""asset"":""ETH"",""own_r2"":0.005464658629196428,""ar_r2"":0.00033622191519033784,""car_r2"":0.003098420239695643,""cross_r2"":0.005715007579667364,""placebo_cross_r2"":0.005465731045639521,""cross_minus_own_r2"":0.00025034895047093553,""cross_minus_car_r2"":0.002616587339971721,""cross_minus_placebo_r2"":0.00024927653402784244,""cross_hit"":0.5495731133475205,""own_hit"":0.5479961338567323,""car_hit"":0.5315607857766624,""placebo_cross_hit"":0.5476442809058306,""cross_unit_pnl_bps"":0.10899679873958432,""own_unit_pnl_bps"":0.105841606065695,""car_unit_pnl_bps"":0.07248936747682498,""placebo_cross_unit_pnl_bps"":0.10534446499068513,""n"":385779,""cross_minus_own_unit_pnl_bps"":0.0031551926738893205},{""asset"":""SOL"",""own_r2"":0.000811519422346918,""ar_r2"":0.00033353793002310894,""car_r2"":0.005160212243078055,""cross_r2"":0.009305473442048573,""placebo_cross_r2"":0.0008087985457112534,""cross_minus_own_r2"":0.008493954019701655,""cross_minus_car_r2"":0.004145261198970518,""cross_minus_placebo_r2"":0.00849667489633732,""cross_hit"":0.5681801348048293,""own_hit"":0.5320232689316461,""car_hit"":0.5490134633901762,""placebo_cross_hit"":0.5303481793371431,""cross_unit_pnl_bps"":0.16213476251646636,""own_unit_pnl_bps"":0.08892526418995311,""car_unit_pnl_bps"":0.12151979961234675,""placebo_cross_unit_pnl_bps"":0.08552721135833964,""n"":385779,""cross_minus_own_unit_pnl_bps"":0.07320949832651324},{""asset"":""XRP"",""own_r2"":0.0021017844995632196,""ar_r2"":0.0006594934522918816,""car_r2"":0.005021133650790044,""cross_r2"":0.009000700328903988,""placebo_cross_r2"":0.0021056233718851347,""cross_minus_own_r2"":0.006898915829340768,""cross_minus_car_r2"":0.003979566678113944,""cross_minus_placebo_r2"":0.006895076957018853,""cross_hit"":0.562934923045538,""own_hit"":0.5476573656413627,""car_hit"":0.5477820341365006,""placebo_cross_hit"":0.5445633202620305,""cross_unit_pnl_bps"":0.1303462365262898,""own_unit_pnl_bps"":0.10379974921481286,""car_unit_pnl_bps"":0.10590713468086899,""placebo_cross_unit_pnl_bps"":0.09934977614958555,""n"":385779,""cross_minus_own_unit_pnl_bps"":0.026546487311476935}]",24.3
subminute_decay_temporal_stability,temporal stability check on the frozen in-sample spec,3,distance,single_bar,1,3,2026-05-02 00:00:01 UTC,2026-06-13 00:00:01 UTC,2026-06-13 00:00:01 UTC,2026-06-27 00:00:01 UTC,3628800,1209600,1,1578943,1134160,1134160,385779,385779,0,0.0058653501186261,0.0006930065586377709,0.005233452201442057,0.009204944410911797,0.005867106375336384,0.003339594292285697,0.00397149220946974,0.0033378380355754134,0.5691914475543792,0.5630556392511189,0.5466293228968654,0.5624727822877401,0.13214764788069863,0.1199426230070645,0.09636357012739946,0.11897975929823526,27.94774948229068,1.043031498910665e-171,12.121250159433405,8.266988277981886e-34,27.928859054136954,1.7673924828918583e-171,True,True,True,True,"[{""asset"":""BTC"",""own_r2"":0.012070613055272017,""ar_r2"":0.0014427729370457554,""car_r2"":0.007654042672204486,""cross_r2"":0.013452374705577252,""placebo_cross_r2"":0.012076336345905658,""cross_minus_own_r2"":0.0013817616503052355,""cross_minus_car_r2"":0.005798332033372766,""cross_minus_placebo_r2"":0.0013760383596715942,""cross_hit"":0.5934519959101058,""own_hit"":0.5895812031801014,""car_hit"":0.5581610082841224,""placebo_cross_hit"":0.5895446862675542,""cross_unit_pnl_bps"":0.12316121225314082,""own_unit_pnl_bps"":0.11782070998629925,""car_unit_pnl_bps"":0.08553797873955712,""placebo_cross_unit_pnl_bps"":0.11782678744975636,""n"":385779,""cross_minus_own_unit_pnl_bps"":0.005340502266841574},{""asset"":""ETH"",""own_r2"":0.006035551360210278,""ar_r2"":0.00033622191519033784,""car_r2"":0.003098420239695643,""cross_r2"":0.006224459142200933,""placebo_cross_r2"":0.006035943731251381,""cross_minus_own_r2"":0.00018890778199065483,""cross_minus_car_r2"":0.0031260389025052904,""cross_minus_placebo_r2"":0.00018851541094955238,""cross_hit"":0.5527948994039695,""own_hit"":0.5518792338931893,""car_hit"":0.5315607857766624,""placebo_cross_hit"":0.5520445623881913,""cross_unit_pnl_bps"":0.11315363735229653,""own_unit_pnl_bps"":0.11123268264881889,""car_unit_pnl_bps"":0.07248936747682498,""placebo_cross_unit_pnl_bps"":0.11176217579722615,""n"":385779,""cross_minus_own_unit_pnl_bps"":0.0019209547034776397},{""asset"":""SOL"",""own_r2"":0.0015694001067517727,""ar_r2"":0.00033353793002310894,""car_r2"":0.005160212243078055,""cross_r2"":0.008411200933849394,""placebo_cross_r2"":0.0015670160227773122,""cross_minus_own_r2"":0.006841800827097622,""cross_minus_car_r2"":0.0032509886907713392,""cross_minus_placebo_r2"":0.006844184911072082,""cross_hit"":0.5658726134246466,""own_hit"":0.5528479371898378,""car_hit"":0.5490134633901762,""placebo_cross_hit"":0.5516400494550261,""cross_unit_pnl_bps"":0.15821732833355845,""own_unit_pnl_bps"":0.130596471363573,""car_unit_pnl_bps"":0.12151979961234675,""placebo_cross_unit_pnl_bps"":0.12747660666450492,""n"":385779,""cross_minus_own_unit_pnl_bps"":0.027620856969985452},{""asset"":""XRP"",""own_r2"":0.0037858359522703333,""ar_r2"":0.0006594934522918816,""car_r2"":0.005021133650790044,""cross_r2"":0.00873174286201961,""placebo_cross_r2"":0.0037891294014111843,""cross_minus_own_r2"":0.004945906909749276,""cross_minus_car_r2"":0.0037106092112295652,""cross_minus_placebo_r2"":0.004942613460608425,""cross_hit"":0.564646281478795,""own_hit"":0.5579141827413469,""car_hit"":0.5477820341365006,""placebo_cross_hit"":0.5566618310401886,""cross_unit_pnl_bps"":0.13405841358379875,""own_unit_pnl_bps"":0.12012062802956686,""car_unit_pnl_bps"":0.10590713468086899,""placebo_cross_unit_pnl_bps"":0.11885346728145364,""n"":385779,""cross_minus_own_unit_pnl_bps"":0.01393778555423189}]",24.4
subminute_decay_temporal_stability,temporal stability check on the frozen in-sample spec,3,pca,single_bar,1,3,2026-05-02 00:00:01 UTC,2026-06-13 00:00:01 UTC,2026-06-13 00:00:01 UTC,2026-06-27 00:00:01 UTC,3628800,1209600,1,1578943,1134160,1134160,385779,385779,0,0.005118552921547337,0.0006930065586377709,0.005233452201442057,0.009498000099568082,0.00512065271285797,0.004379447178020746,0.004264547898126025,0.004377347386710112,0.5693427038812529,0.5523465224690225,0.5466293228968654,0.5517584435742344,0.1329985920979757,0.10005475721664732,0.09636357012739946,0.09865239363798547,31.60348709869291,6.312421349081072e-219,12.84306882825432,9.576337156858975e-38,31.586763209628696,1.0698203615309381e-218,True,True,True,True,"[{""asset"":""BTC"",""own_r2"":0.011831884051020425,""ar_r2"":0.0014427729370457554,""car_r2"":0.007654042672204486,""cross_r2"":0.013343568602158351,""placebo_cross_r2"":0.011837826830660148,""cross_minus_own_r2"":0.0015116845511379262,""cross_minus_car_r2"":0.005689525929953865,""cross_minus_placebo_r2"":0.0015057417714982035,""cross_hit"":0.5924347390605763,""own_hit"":0.5897377042338752,""car_hit"":0.5581610082841224,""placebo_cross_hit"":0.5897533543392526,""cross_unit_pnl_bps"":0.12157471019236099,""own_unit_pnl_bps"":0.11845572704128994,""car_unit_pnl_bps"":0.08553797873955712,""placebo_cross_unit_pnl_bps"":0.11858200770538722,""n"":385779,""cross_minus_own_unit_pnl_bps"":0.0031189831510710503},{""asset"":""ETH"",""own_r2"":0.005980598689259042,""ar_r2"":0.00033622191519033784,""car_r2"":0.003098420239695643,""cross_r2"":0.006169454761235205,""placebo_cross_r2"":0.005980890692234175,""cross_minus_own_r2"":0.00018885607197616228,""cross_minus_car_r2"":0.003071034521539562,""cross_minus_placebo_r2"":0.0001885640690010293,""cross_hit"":0.5520276056194732,""own_hit"":0.5513620524472856,""car_hit"":0.5315607857766624,""placebo_cross_hit"":0.5510865049556156,""cross_unit_pnl_bps"":0.1121412461543236,""own_unit_pnl_bps"":0.11034600625819733,""car_unit_pnl_bps"":0.07248936747682498,""placebo_cross_unit_pnl_bps"":0.10988602017560528,""n"":385779,""cross_minus_own_unit_pnl_bps"":0.0017952398961262606},{""asset"":""SOL"",""own_r2"":0.0007400042521463757,""ar_r2"":0.00033353793002310894,""car_r2"":0.005160212243078055,""cross_r2"":0.00934753028821711,""placebo_cross_r2"":0.0007378229776503487,""cross_minus_own_r2"":0.008607526036070734,""cross_minus_car_r2"":0.004187318045139055,""cross_minus_placebo_r2"":0.008609707310566761,""cross_hit"":0.5697298775589272,""own_hit"":0.5260237133431711,""car_hit"":0.5490134633901762,""placebo_cross_hit"":0.5257673220787065,""cross_unit_pnl_bps"":0.1673356555626941,""own_unit_pnl_bps"":0.0774179740515081,""car_unit_pnl_bps"":0.12151979961234675,""placebo_cross_unit_pnl_bps"":0.0751382641095713,""n"":385779,""cross_minus_own_unit_pnl_bps"":0.08991768151118601},{""asset"":""XRP"",""own_r2"":0.0019217246937635046,""ar_r2"":0.0006594934522918816,""car_r2"":0.005021133650790044,""cross_r2"":0.009131446746661664,""placebo_cross_r2"":0.0019260703508872101,""cross_minus_own_r2"":0.00720972205289816,""cross_minus_car_r2"":0.0041103130958716205,""cross_minus_placebo_r2"":0.007205376395774454,""cross_hit"":0.5631785932860348,""own_hit"":0.5422626198517578,""car_hit"":0.5477820341365006,""placebo_cross_hit"":0.5404265929233629,""cross_unit_pnl_bps"":0.13094275648252415,""own_unit_pnl_bps"":0.09399932151559393,""car_unit_pnl_bps"":0.10590713468086899,""placebo_cross_unit_pnl_bps"":0.09100328256137807,""n"":385779,""cross_minus_own_unit_pnl_bps"":0.03694343496693023}]",24.7
subminute_decay_temporal_stability,temporal stability check on the frozen in-sample spec,4,best,single_bar,1,4,2026-05-02 00:00:01 UTC,2026-06-13 00:00:01 UTC,2026-06-13 00:00:01 UTC,2026-06-27 00:00:01 UTC,3628800,1209600,1,1176208,839737,839737,285372,285372,0,0.0058136187751021695,0.0008715629981631834,0.004487741704147785,0.007117091753432725,0.005813553113304365,0.0013034729783305554,0.0026293500492849398,0.00130353864012836,0.5594059915379298,0.5560652938678707,0.5418283248631584,0.5557981620089023,0.1434876003413995,0.1336060643675958,0.1061787108387784,0.13335774675712522,13.810079633534855,2.288340631244617e-43,8.124184390180817,4.52154395236785e-16,13.768046184008135,4.096192708239805e-43,True,True,True,True,"[{""asset"":""BTC"",""own_r2"":0.009395438436652581,""ar_r2"":0.0017418553414425553,""car_r2"":0.007180820384739106,""cross_r2"":0.010805218593963994,""placebo_cross_r2"":0.009396870267756263,""cross_minus_own_r2"":0.0014097801573114133,""cross_minus_car_r2"":0.0036243982092248883,""cross_minus_placebo_r2"":0.0014083483262077312,""cross_hit"":0.5811041548093341,""own_hit"":0.5782033157691814,""car_hit"":0.5556330744609886,""placebo_cross_hit"":0.5779523993121217,""cross_unit_pnl_bps"":0.1346134271237335,""own_unit_pnl_bps"":0.13025513969868138,""car_unit_pnl_bps"":0.10145512826889329,""placebo_cross_unit_pnl_bps"":0.1296929709426765,""n"":285372,""cross_minus_own_unit_pnl_bps"":0.004358287425052121},{""asset"":""ETH"",""own_r2"":0.004212108543650728,""ar_r2"":0.0004169621833826076,""car_r2"":0.0029228418810292034,""cross_r2"":0.004534785413774833,""placebo_cross_r2"":0.004208762248727682,""cross_minus_own_r2"":0.0003226768701241056,""cross_minus_car_r2"":0.00161194353274563,""cross_minus_placebo_r2"":0.00032602316504715123,""cross_hit"":0.5444755545983201,""own_hit"":0.5437063474970001,""car_hit"":0.5287786016840508,""placebo_cross_hit"":0.5434191768458406,""cross_unit_pnl_bps"":0.12279382759209456,""own_unit_pnl_bps"":0.11870481746319173,""car_unit_pnl_bps"":0.0829398744780195,""placebo_cross_unit_pnl_bps"":0.11794529641155299,""n"":285372,""cross_minus_own_unit_pnl_bps"":0.004089010128902837},{""asset"":""SOL"",""own_r2"":0.003675347797211903,""ar_r2"":0.0005499400991151315,""car_r2"":0.0038251821785736384,""cross_r2"":0.005435198957072007,""placebo_cross_r2"":0.0036701883752492392,""cross_minus_own_r2"":0.001759851159860104,""cross_minus_car_r2"":0.0016100167784983688,""cross_minus_placebo_r2"":0.001765010581822768,""cross_hit"":0.5517516939421004,""own_hit"":0.5470576779730446,""car_hit"":0.542195778743293,""placebo_cross_hit"":0.5465473128605293,""cross_unit_pnl_bps"":0.16112604210717613,""own_unit_pnl_bps"":0.1455506655261166,""car_unit_pnl_bps"":0.12844771677084366,""placebo_cross_unit_pnl_bps"":0.1449399069453899,""n"":285372,""cross_minus_own_unit_pnl_bps"":0.015575376581059536},{""asset"":""XRP"",""own_r2"":0.005971580322893466,""ar_r2"":0.0007774943687124392,""car_r2"":0.004022122372249193,""cross_r2"":0.007693164048920065,""placebo_cross_r2"":0.005978391561484275,""cross_minus_own_r2"":0.0017215837260265987,""cross_minus_car_r2"":0.003671041676670872,""cross_minus_placebo_r2"":0.0017147724874357895,""cross_hit"":0.5602925628019647,""own_hit"":0.5552938342322569,""car_hit"":0.5407058445643009,""placebo_cross_hit"":0.5552737590171175,""cross_unit_pnl_bps"":0.15541710454259394,""own_unit_pnl_bps"":0.1399136347823935,""car_unit_pnl_bps"":0.11187212383735719,""placebo_cross_unit_pnl_bps"":0.1408528127288815,""n"":285372,""cross_minus_own_unit_pnl_bps"":0.01550346976020045}]",17.8
subminute_decay_temporal_stability,temporal stability check on the frozen in-sample spec,4,sum,single_bar,1,4,2026-05-02 00:00:01 UTC,2026-06-13 00:00:01 UTC,2026-06-13 00:00:01 UTC,2026-06-27 00:00:01 UTC,3628800,1209600,1,1176208,839737,839737,285372,285372,0,0.0038713571101572086,0.0008715629981631834,0.004487741704147785,0.007061429585027701,0.003871734821962458,0.0031900724748704923,0.0025736878808799157,0.003189694763065243,0.5574197462508348,0.5428418998805007,0.5418283248631584,0.5408066668200873,0.13831228831521447,0.10493914599642604,0.1061787108387784,0.0993597015581816,20.27330961390033,2.56703798496608e-91,8.438484229538053,3.229503360728176e-17,20.24208515431073,4.83514817906105e-91,True,True,True,True,"[{""asset"":""BTC"",""own_r2"":0.009302806698647359,""ar_r2"":0.0017418553414425553,""car_r2"":0.007180820384739106,""cross_r2"":0.010460916320737312,""placebo_cross_r2"":0.009297090606675051,""cross_minus_own_r2"":0.0011581096220899534,""cross_minus_car_r2"":0.0032800959359982063,""cross_minus_placebo_r2"":0.001163825714062261,""cross_hit"":0.5787418681648215,""own_hit"":0.5752657572475076,""car_hit"":0.5556330744609886,""placebo_cross_hit"":0.5752106780252263,""cross_unit_pnl_bps"":0.13008837609367385,""own_unit_pnl_bps"":0.12676472204907838,""car_unit_pnl_bps"":0.10145512826889329,""placebo_cross_unit_pnl_bps"":0.12677422322091614,""n"":285372,""cross_minus_own_unit_pnl_bps"":0.0033236540445954754},{""asset"":""ETH"",""own_r2"":0.0038918378046182145,""ar_r2"":0.0004169621833826076,""car_r2"":0.0029228418810292034,""cross_r2"":0.004033571324722485,""placebo_cross_r2"":0.003891692985550921,""cross_minus_own_r2"":0.0001417335201042702,""cross_minus_car_r2"":0.0011107294436932813,""cross_minus_placebo_r2"":0.0001418783391715639,""cross_hit"":0.53961929376532,""own_hit"":0.5390500805103433,""car_hit"":0.5287786016840508,""placebo_cross_hit"":0.5388398305693158,""cross_unit_pnl_bps"":0.11075799671400048,""own_unit_pnl_bps"":0.10991733790282068,""car_unit_pnl_bps"":0.0829398744780195,""placebo_cross_unit_pnl_bps"":0.10795920179487897,""n"":285372,""cross_minus_own_unit_pnl_bps"":0.000840658811179798},{""asset"":""SOL"",""own_r2"":0.000629377053630531,""ar_r2"":0.0005499400991151315,""car_r2"":0.0038251821785736384,""cross_r2"":0.006769725820797379,""placebo_cross_r2"":0.0006229673264737112,""cross_minus_own_r2"":0.006140348767166848,""cross_minus_car_r2"":0.0029445436422237403,""cross_minus_placebo_r2"":0.0061467584943236675,""cross_hit"":0.5564054179285892,""own_hit"":0.5194308085929368,""car_hit"":0.542195778743293,""placebo_cross_hit"":0.5157843841706231,""cross_unit_pnl_bps"":0.16845387681526527,""own_unit_pnl_bps"":0.07675473097082923,""car_unit_pnl_bps"":0.12844771677084366,""placebo_cross_unit_pnl_bps"":0.06534775131975384,""n"":285372,""cross_minus_own_unit_pnl_bps"":0.09169914584443604},{""asset"":""XRP"",""own_r2"":0.00166140688373273,""ar_r2"":0.0007774943687124392,""car_r2"":0.004022122372249193,""cross_r2"":0.006981504873853628,""placebo_cross_r2"":0.001675188369150149,""cross_minus_own_r2"":0.005320097990120898,""cross_minus_car_r2"":0.002959382501604435,""cross_minus_placebo_r2"":0.005306316504703479,""cross_hit"":0.5549124051446085,""own_hit"":0.5376209531712148,""car_hit"":0.5407058445643009,""placebo_cross_hit"":0.5333917745151836,""cross_unit_pnl_bps"":0.14394890363791826,""own_unit_pnl_bps"":0.10631979306297587,""car_unit_pnl_bps"":0.11187212383735719,""placebo_cross_unit_pnl_bps"":0.09735762989717742,""n"":285372,""cross_minus_own_unit_pnl_bps"":0.03762911057494239}]",17.6
subminute_decay_temporal_stability,temporal stability check on the frozen in-sample spec,4,distance,single_bar,1,4,2026-05-02 00:00:01 UTC,2026-06-13 00:00:01 UTC,2026-06-13 00:00:01 UTC,2026-06-27 00:00:01 UTC,3628800,1209600,1,1176208,839737,839737,285372,285372,0,0.004525021070571511,0.0008715629981631834,0.004487741704147785,0.006986024129141788,0.004526465067198365,0.002461003058570277,0.0024982824249940028,0.0024595590619434227,0.5582605556216538,0.552714659796786,0.5418283248631584,0.551054340311285,0.13954046429670414,0.1261749017650622,0.1061787108387784,0.12224169916021019,19.485032574280797,1.6697567109051788e-84,7.8075839472286335,5.849090017772824e-15,19.4429731048688,3.7900718029427885e-84,True,True,True,True,"[{""asset"":""BTC"",""own_r2"":0.009691851771722715,""ar_r2"":0.0017418553414425553,""car_r2"":0.007180820384739106,""cross_r2"":0.010783605946461106,""placebo_cross_r2"":0.009690751367390948,""cross_minus_own_r2"":0.0010917541747383908,""cross_minus_car_r2"":0.0036027855617219995,""cross_minus_placebo_r2"":0.0010928545790701572,""cross_hit"":0.5813979106615015,""own_hit"":0.5782767547322232,""car_hit"":0.5556330744609886,""placebo_cross_hit"":0.5781237568925527,""cross_unit_pnl_bps"":0.13566564086953586,""own_unit_pnl_bps"":0.13041873633384943,""car_unit_pnl_bps"":0.10145512826889329,""placebo_cross_unit_pnl_bps"":0.1299510259276861,""n"":285372,""cross_minus_own_unit_pnl_bps"":0.005246904535686436},{""asset"":""ETH"",""own_r2"":0.004320325472670472,""ar_r2"":0.0004169621833826076,""car_r2"":0.0029228418810292034,""cross_r2"":0.004415567300635748,""placebo_cross_r2"":0.0043197010041237105,""cross_minus_own_r2"":9.524182796527558e-05,""cross_minus_car_r2"":0.0014927254196065443,""cross_minus_placebo_r2"":9.586629651203715e-05,""cross_hit"":0.542506384418941,""own_hit"":0.5429525245377065,""car_hit"":0.5287786016840508,""placebo_cross_hit"":0.5426756099812313,""cross_unit_pnl_bps"":0.11551093995292964,""own_unit_pnl_bps"":0.11833865509972863,""car_unit_pnl_bps"":0.0829398744780195,""placebo_cross_unit_pnl_bps"":0.11731239598591152,""n"":285372,""cross_minus_own_unit_pnl_bps"":-0.002827715146798984},{""asset"":""SOL"",""own_r2"":0.001160893489180248,""ar_r2"":0.0005499400991151315,""car_r2"":0.0038251821785736384,""cross_r2"":0.006062197691246052,""placebo_cross_r2"":0.0011551587689845322,""cross_minus_own_r2"":0.004901304202065804,""cross_minus_car_r2"":0.0022370155126724134,""cross_minus_placebo_r2"":0.00490703892226152,""cross_hit"":0.5530544680451002,""own_hit"":0.5410138805879944,""car_hit"":0.542195778743293,""placebo_cross_hit"":0.5367966530793148,""cross_unit_pnl_bps"":0.16040839133626614,""own_unit_pnl_bps"":0.12899933663422236,""car_unit_pnl_bps"":0.12844771677084366,""placebo_cross_unit_pnl_bps"":0.11802107546043228,""n"":285372,""cross_minus_own_unit_pnl_bps"":0.031409054702043776},{""asset"":""XRP"",""own_r2"":0.002927013548712609,""ar_r2"":0.0007774943687124392,""car_r2"":0.004022122372249193,""cross_r2"":0.006682725578224247,""placebo_cross_r2"":0.00294024912829427,""cross_minus_own_r2"":0.0037557120295116375,""cross_minus_car_r2"":0.002660603205975054,""cross_minus_placebo_r2"":0.0037424764499299767,""cross_hit"":0.5560834593610728,""own_hit"":0.5486154793292202,""car_hit"":0.5407058445643009,""placebo_cross_hit"":0.5466213412920409,""cross_unit_pnl_bps"":0.1465768850280848,""own_unit_pnl_bps"":0.12694287899244827,""car_unit_pnl_bps"":0.11187212383735719,""placebo_cross_unit_pnl_bps"":0.12368229926681083,""n"":285372,""cross_minus_own_unit_pnl_bps"":0.01963400603563653}]",18.0
subminute_decay_temporal_stability,temporal stability check on the frozen in-sample spec,4,pca,single_bar,1,4,2026-05-02 00:00:01 UTC,2026-06-13 00:00:01 UTC,2026-06-13 00:00:01 UTC,2026-06-27 00:00:01 UTC,3628800,1209600,1,1176208,839737,839737,285372,285372,0,0.003970091530206055,0.0008715629981631834,0.004487741704147785,0.007205996644037926,0.003969392534233063,0.0032359051138318717,0.0027182549398901412,0.0032366041098048637,0.5587665467252907,0.5421399191161675,0.5418283248631584,0.5405563788447917,0.13995644640282076,0.10242159843962156,0.1061787108387784,0.09782001712335982,21.80449774197837,2.5651274220172915e-105,8.394466535240701,4.701119744756175e-17,21.776881332793707,4.683515782389981e-105,True,True,True,True,"[{""asset"":""BTC"",""own_r2"":0.009503788662539425,""ar_r2"":0.0017418553414425553,""car_r2"":0.007180820384739106,""cross_r2"":0.010673805652654189,""placebo_cross_r2"":0.009495619366411745,""cross_minus_own_r2"":0.001170016990114764,""cross_minus_car_r2"":0.003492985267915083,""cross_minus_placebo_r2"":0.0011781862862424441,""cross_hit"":0.5810307158462923,""own_hit"":0.5785215512756959,""car_hit"":0.5556330744609886,""placebo_cross_hit"":0.5788642664365579,""cross_unit_pnl_bps"":0.1343764197660453,""own_unit_pnl_bps"":0.13079902076201416,""car_unit_pnl_bps"":0.10145512826889329,""placebo_cross_unit_pnl_bps"":0.1312569106198617,""n"":285372,""cross_minus_own_unit_pnl_bps"":0.0035773990040311454},{""asset"":""ETH"",""own_r2"":0.004270092832558636,""ar_r2"":0.0004169621833826076,""car_r2"":0.0029228418810292034,""cross_r2"":0.004345250396515565,""placebo_cross_r2"":0.004268909976529844,""cross_minus_own_r2"":7.515756395692907e-05,""cross_minus_car_r2"":0.001422408515486362,""cross_minus_placebo_r2"":7.634041998572094e-05,""cross_hit"":0.5418858906905428,""own_hit"":0.5425268966083094,""car_hit"":0.5287786016840508,""placebo_cross_hit"":0.5419576833533327,""cross_unit_pnl_bps"":0.11401323846534116,""own_unit_pnl_bps"":0.11645894048288036,""car_unit_pnl_bps"":0.0829398744780195,""placebo_cross_unit_pnl_bps"":0.11558920145300057,""n"":285372,""cross_minus_own_unit_pnl_bps"":-0.0024457020175392002},{""asset"":""SOL"",""own_r2"":0.000577843591579974,""ar_r2"":0.0005499400991151315,""car_r2"":0.0038251821785736384,""cross_r2"":0.006772443720511223,""placebo_cross_r2"":0.0005703161110813815,""cross_minus_own_r2"":0.006194600128931249,""cross_minus_car_r2"":0.0029472615419375847,""cross_minus_placebo_r2"":0.006202127609429842,""cross_hit"":0.5569695056845272,""own_hit"":0.5142532888330771,""car_hit"":0.542195778743293,""placebo_cross_hit"":0.510982922914722,""cross_unit_pnl_bps"":0.16840597347700914,""own_unit_pnl_bps"":0.06444219563692419,""car_unit_pnl_bps"":0.12844771677084366,""placebo_cross_unit_pnl_bps"":0.05391220843841227,""n"":285372,""cross_minus_own_unit_pnl_bps"":0.10396377784008495},{""asset"":""XRP"",""own_r2"":0.0015286410341461831,""ar_r2"":0.0007774943687124392,""car_r2"":0.004022122372249193,""cross_r2"":0.007032486806470728,""placebo_cross_r2"":0.00154272468290928,""cross_minus_own_r2"":0.005503845772324545,""cross_minus_car_r2"":0.003010364434221535,""cross_minus_placebo_r2"":0.005489762123561448,""cross_hit"":0.5551800746798004,""own_hit"":0.5332579397475876,""car_hit"":0.5407058445643009,""placebo_cross_hit"":0.530420642674554,""cross_unit_pnl_bps"":0.14303015390288742,""own_unit_pnl_bps"":0.09798623687666755,""car_unit_pnl_bps"":0.11187212383735719,""placebo_cross_unit_pnl_bps"":0.09052174798216474,""n"":285372,""cross_minus_own_unit_pnl_bps"":0.045043917026219876}]",18.0
subminute_decay_temporal_stability,temporal stability check on the frozen in-sample spec,5,best,single_bar,1,5,2026-05-02 00:00:01 UTC,2026-06-13 00:00:01 UTC,2026-06-13 00:00:01 UTC,2026-06-27 00:00:01 UTC,3628800,1209600,1,965530,696642,696642,237443,237443,0,0.004408299703260982,0.0008439565079493838,0.0038082915565331443,0.005384697020832996,0.0044029666281031055,0.0009763973175720142,0.0015764054642998515,0.0009817303927298904,0.5503844046208555,0.5469654825958015,0.536262536536138,0.5471075092933261,0.13771731840605364,0.12712202450269133,0.1072221332070406,0.12706813143979556,9.926983472970186,3.2105262017589755e-23,4.4446939505874195,8.805684395792146e-06,9.897982870020261,4.291565805943095e-23,True,True,True,True,"[{""asset"":""BTC"",""own_r2"":0.007599581254217003,""ar_r2"":0.0017404852857376696,""car_r2"":0.00590158127670648,""cross_r2"":0.008811084787723966,""placebo_cross_r2"":0.007576584711447065,""cross_minus_own_r2"":0.0012115035335069635,""cross_minus_car_r2"":0.002909503511017486,""cross_minus_placebo_r2"":0.001234500076276901,""cross_hit"":0.5699713427947598,""own_hit"":0.5661844978165939,""car_hit"":0.5477824781659388,""placebo_cross_hit"":0.5664301310043668,""cross_unit_pnl_bps"":0.1337514637421953,""own_unit_pnl_bps"":0.1258046913314541,""car_unit_pnl_bps"":0.09781276929374627,""placebo_cross_unit_pnl_bps"":0.1262073632056197,""n"":237443,""cross_minus_own_unit_pnl_bps"":0.007946772410741182},{""asset"":""ETH"",""own_r2"":0.002989474988231988,""ar_r2"":0.0005038906783315644,""car_r2"":0.0024881988571091584,""cross_r2"":0.0032684143729686532,""placebo_cross_r2"":0.002989757333645926,""cross_minus_own_r2"":0.000278939384736665,""cross_minus_car_r2"":0.0007802155158594948,""cross_minus_placebo_r2"":0.00027865703932272723,""cross_hit"":0.5366973813811714,""own_hit"":0.5360679337214928,""car_hit"":0.5249768328291924,""placebo_cross_hit"":0.5360154797498529,""cross_unit_pnl_bps"":0.11349741239001389,""own_unit_pnl_bps"":0.10979121600270715,""car_unit_pnl_bps"":0.08431303939728457,""placebo_cross_unit_pnl_bps"":0.10822449744026125,""n"":237443,""cross_minus_own_unit_pnl_bps"":0.003706196387306737},{""asset"":""SOL"",""own_r2"":0.0024647784399065564,""ar_r2"":0.00041974467369587654,""car_r2"":0.003230214254054564,""cross_r2"":0.003637374267216553,""placebo_cross_r2"":0.0024613162540415567,""cross_minus_own_r2"":0.0011725958273099968,""cross_minus_car_r2"":0.000407160013161989,""cross_minus_placebo_r2"":0.0011760580131749965,""cross_hit"":0.5421287779237844,""own_hit"":0.5378411864088605,""car_hit"":0.537443213816407,""placebo_cross_hit"":0.5378261685751831,""cross_unit_pnl_bps"":0.14683571130478798,""own_unit_pnl_bps"":0.1365924033866698,""car_unit_pnl_bps"":0.13328837702342092,""placebo_cross_unit_pnl_bps"":0.13714557561422624,""n"":237443,""cross_minus_own_unit_pnl_bps"":0.010243307918118172},{""asset"":""XRP"",""own_r2"":0.004579364130688379,""ar_r2"":0.0007117053940324247,""car_r2"":0.0036131718382623745,""cross_r2"":0.005821914655422811,""placebo_cross_r2"":0.004584208213277874,""cross_minus_own_r2"":0.0012425505247344315,""cross_minus_car_r2"":0.002208742817160436,""cross_minus_placebo_r2"":0.0012377064421449369,""cross_hit"":0.5527401163837062,""own_hit"":0.5477683124362589,""car_hit"":0.5348476213330133,""placebo_cross_hit"":0.5481582578439018,""cross_unit_pnl_bps"":0.1567846861872174,""own_unit_pnl_bps"":0.13629978728993425,""car_unit_pnl_bps"":0.11347434711371066,""placebo_cross_unit_pnl_bps"":0.13669508949907505,""n"":237443,""cross_minus_own_unit_pnl_bps"":0.020484898897283138}]",14.0
subminute_decay_temporal_stability,temporal stability check on the frozen in-sample spec,5,sum,single_bar,1,5,2026-05-02 00:00:01 UTC,2026-06-13 00:00:01 UTC,2026-06-13 00:00:01 UTC,2026-06-27 00:00:01 UTC,3628800,1209600,1,965530,696642,696642,237443,237443,0,0.0028720091988969354,0.0008439565079493838,0.0038082915565331443,0.0052160144132411546,0.0028682011922376016,0.002344005214344219,0.0014077228567080102,0.002347813221003553,0.5479389471734215,0.5349569022874792,0.536262536536138,0.5339157728157768,0.13054764464282315,0.09846518593825943,0.1072221332070406,0.0949853761158923,14.338916808828284,1.3073303349727008e-46,4.225948090046411,2.3802552948033353e-05,14.326369613393307,1.5660124048784618e-46,True,True,True,True,"[{""asset"":""BTC"",""own_r2"":0.0072371137187613455,""ar_r2"":0.0017404852857376696,""car_r2"":0.00590158127670648,""cross_r2"":0.008292149898796564,""placebo_cross_r2"":0.007232045588332903,""cross_minus_own_r2"":0.0010550361800352182,""cross_minus_car_r2"":0.0023905686220900835,""cross_minus_placebo_r2"":0.001060104310463661,""cross_hit"":0.5665188318777292,""own_hit"":0.5636735807860263,""car_hit"":0.5477824781659388,""placebo_cross_hit"":0.5635712336244542,""cross_unit_pnl_bps"":0.12964839362636685,""own_unit_pnl_bps"":0.12346959953693455,""car_unit_pnl_bps"":0.09781276929374627,""placebo_cross_unit_pnl_bps"":0.12270430652892483,""n"":237443,""cross_minus_own_unit_pnl_bps"":0.006178794089432296},{""asset"":""ETH"",""own_r2"":0.00285369318825468,""ar_r2"":0.0005038906783315644,""car_r2"":0.0024881988571091584,""cross_r2"":0.0027927439508314,""placebo_cross_r2"":0.0028472230224672046,""cross_minus_own_r2"":-6.094923742328007e-05,""cross_minus_car_r2"":0.0003045450937222416,""cross_minus_placebo_r2"":-5.4479071635804566e-05,""cross_hit"":0.5325068918690515,""own_hit"":0.5326467691267579,""car_hit"":0.5249768328291924,""placebo_cross_hit"":0.5325010636499805,""cross_unit_pnl_bps"":0.1018629239674348,""own_unit_pnl_bps"":0.10332723563073988,""car_unit_pnl_bps"":0.08431303939728457,""placebo_cross_unit_pnl_bps"":0.10403447597917843,""n"":237443,""cross_minus_own_unit_pnl_bps"":-0.0014643116633050735},{""asset"":""SOL"",""own_r2"":0.00027933631557286454,""ar_r2"":0.00041974467369587654,""car_r2"":0.003230214254054564,""cross_r2"":0.0045722520089636065,""placebo_cross_r2"":0.0002733177317462143,""cross_minus_own_r2"":0.004292915693390742,""cross_minus_car_r2"":0.0013420377549090423,""cross_minus_placebo_r2"":0.004298934277217392,""cross_hit"":0.5465515299418059,""own_hit"":0.5128815468368688,""car_hit"":0.537443213816407,""placebo_cross_hit"":0.5113647456354421,""cross_unit_pnl_bps"":0.15285667740400963,""own_unit_pnl_bps"":0.06618316464486823,""car_unit_pnl_bps"":0.13328837702342092,""placebo_cross_unit_pnl_bps"":0.058502003509472156,""n"":237443,""cross_minus_own_unit_pnl_bps"":0.0866735127591414},{""asset"":""XRP"",""own_r2"":0.0011178935729988515,""ar_r2"":0.0007117053940324247,""car_r2"":0.0036131718382623745,""cross_r2"":0.005206911794373048,""placebo_cross_r2"":0.0011202184264040849,""cross_minus_own_r2"":0.004089018221374197,""cross_minus_car_r2"":0.0015937399561106735,""cross_minus_placebo_r2"":0.004086693367968963,""cross_hit"":0.5461785350050993,""own_hit"":0.530625712400264,""car_hit"":0.5348476213330133,""placebo_cross_hit"":0.5282260483532305,""cross_unit_pnl_bps"":0.13782258357348132,""own_unit_pnl_bps"":0.10088074394049504,""car_unit_pnl_bps"":0.11347434711371066,""placebo_cross_unit_pnl_bps"":0.09470071844599379,""n"":237443,""cross_minus_own_unit_pnl_bps"":0.03694183963298628}]",14.7
subminute_decay_temporal_stability,temporal stability check on the frozen in-sample spec,5,distance,single_bar,1,5,2026-05-02 00:00:01 UTC,2026-06-13 00:00:01 UTC,2026-06-13 00:00:01 UTC,2026-06-27 00:00:01 UTC,3628800,1209600,1,965530,696642,696642,237443,237443,0,0.0033976694555043208,0.0008439565079493838,0.0038082915565331443,0.005224176119032947,0.0033921665361633657,0.0018265066635286265,0.0014158845624998029,0.0018320095828695815,0.5491164545882644,0.5437105358733957,0.536262536536138,0.5426639970957206,0.1323556711696273,0.1190026263578157,0.1072221332070406,0.11622573835376325,14.018686546080419,1.2483271893542665e-44,4.013985107602135,5.9720419336719514e-05,14.001416887020772,1.5916524822755752e-44,True,True,True,True,"[{""asset"":""BTC"",""own_r2"":0.007753768069726497,""ar_r2"":0.0017404852857376696,""car_r2"":0.00590158127670648,""cross_r2"":0.008666653871477692,""placebo_cross_r2"":0.007739131735716831,""cross_minus_own_r2"":0.0009128858017511954,""cross_minus_car_r2"":0.002765072594771212,""cross_minus_placebo_r2"":0.000927522135760861,""cross_hit"":0.5691730349344978,""own_hit"":0.5668122270742358,""car_hit"":0.5477824781659388,""placebo_cross_hit"":0.5666962336244541,""cross_unit_pnl_bps"":0.1322285612851204,""own_unit_pnl_bps"":0.12742765511659848,""car_unit_pnl_bps"":0.09781276929374627,""placebo_cross_unit_pnl_bps"":0.12674291528675158,""n"":237443,""cross_minus_own_unit_pnl_bps"":0.004800906168521912},{""asset"":""ETH"",""own_r2"":0.0031056303777583505,""ar_r2"":0.0005038906783315644,""car_r2"":0.0024881988571091584,""cross_r2"":0.0031053432299439354,""placebo_cross_r2"":0.0031010693349811103,""cross_minus_own_r2"":-2.8714781441507853e-07,""cross_minus_car_r2"":0.000617144372834777,""cross_minus_placebo_r2"":4.273894962825153e-06,""cross_hit"":0.5356075044148759,""own_hit"":0.5363476882369055,""car_hit"":0.5249768328291924,""placebo_cross_hit"":0.5361203876931326,""cross_unit_pnl_bps"":0.1073547205987723,""own_unit_pnl_bps"":0.1098017619057784,""car_unit_pnl_bps"":0.08431303939728457,""placebo_cross_unit_pnl_bps"":0.10961185517884448,""n"":237443,""cross_minus_own_unit_pnl_bps"":-0.002447041307006098},{""asset"":""SOL"",""own_r2"":0.0005906723396441604,""ar_r2"":0.00041974467369587654,""car_r2"":0.003230214254054564,""cross_r2"":0.004162176662135142,""placebo_cross_r2"":0.0005850465941059646,""cross_minus_own_r2"":0.0035715043224909815,""cross_minus_car_r2"":0.0009319624080805777,""cross_minus_placebo_r2"":0.0035771300680291773,""cross_hit"":0.5447193542331519,""own_hit"":0.5308954383330204,""car_hit"":0.537443213816407,""placebo_cross_hit"":0.528334897691008,""cross_unit_pnl_bps"":0.1490603943053719,""own_unit_pnl_bps"":0.11626248432234669,""car_unit_pnl_bps"":0.13328837702342092,""placebo_cross_unit_pnl_bps"":0.10804886702405996,""n"":237443,""cross_minus_own_unit_pnl_bps"":0.03279790998302522},{""asset"":""XRP"",""own_r2"":0.0021406070348882755,""ar_r2"":0.0007117053940324247,""car_r2"":0.0036131718382623745,""cross_r2"":0.0049625307125750195,""placebo_cross_r2"":0.002143418479849557,""cross_minus_own_r2"":0.002821923677686744,""cross_minus_car_r2"":0.001349358874312645,""cross_minus_placebo_r2"":0.0028191122327254625,""cross_hit"":0.5469659247705321,""own_hit"":0.5407867898494211,""car_hit"":0.5348476213330133,""placebo_cross_hit"":0.5395044693742876,""cross_unit_pnl_bps"":0.14077900848924457,""own_unit_pnl_bps"":0.12251860408653921,""car_unit_pnl_bps"":0.11347434711371066,""placebo_cross_unit_pnl_bps"":0.12049931592539698,""n"":237443,""cross_minus_own_unit_pnl_bps"":0.018260404402705363}]",14.8
subminute_decay_temporal_stability,temporal stability check on the frozen in-sample spec,5,pca,single_bar,1,5,2026-05-02 00:00:01 UTC,2026-06-13 00:00:01 UTC,2026-06-13 00:00:01 UTC,2026-06-27 00:00:01 UTC,3628800,1209600,1,965530,696642,696642,237443,237443,0,0.002997998835103738,0.0008439565079493838,0.0038082915565331443,0.005429428717403234,0.0029943175502294694,0.002431429882299496,0.0016211371608700897,0.0024351111671737646,0.5496982263318215,0.534099663141641,0.536262536536138,0.5338159692237077,0.1324509398372182,0.09383591170995367,0.1072221332070406,0.09198775193711138,15.771550336994025,5.214834774524152e-56,4.639332010855653,3.497232304441597e-06,15.745256686115992,7.901669817269906e-56,True,True,True,True,"[{""asset"":""BTC"",""own_r2"":0.007659003869958103,""ar_r2"":0.0017404852857376696,""car_r2"":0.00590158127670648,""cross_r2"":0.008631120178393958,""placebo_cross_r2"":0.007646030183928176,""cross_minus_own_r2"":0.0009721163084358553,""cross_minus_car_r2"":0.0027295389016874783,""cross_minus_placebo_r2"":0.000985089994465782,""cross_hit"":0.5689069323144105,""own_hit"":0.5667508187772926,""car_hit"":0.5477824781659388,""placebo_cross_hit"":0.5668122270742358,""cross_unit_pnl_bps"":0.12951869501904215,""own_unit_pnl_bps"":0.12651439608398804,""car_unit_pnl_bps"":0.09781276929374627,""placebo_cross_unit_pnl_bps"":0.12639040686058198,""n"":237443,""cross_minus_own_unit_pnl_bps"":0.003004298935054106},{""asset"":""ETH"",""own_r2"":0.003076785788480807,""ar_r2"":0.0005038906783315644,""car_r2"":0.0024881988571091584,""cross_r2"":0.003035056924571955,""placebo_cross_r2"":0.0030753923977038244,""cross_minus_own_r2"":-4.1728863908852e-05,""cross_minus_car_r2"":0.0005468580674627965,""cross_minus_placebo_r2"":-4.033547313186947e-05,""cross_hit"":0.5349722285361262,""own_hit"":0.5351529033273302,""car_hit"":0.5249768328291924,""placebo_cross_hit"":0.5350363389459083,""cross_unit_pnl_bps"":0.10630626617227822,""own_unit_pnl_bps"":0.10550885805872498,""car_unit_pnl_bps"":0.08431303939728457,""placebo_cross_unit_pnl_bps"":0.10560647733522038,""n"":237443,""cross_minus_own_unit_pnl_bps"":0.0007974081135532357},{""asset"":""SOL"",""own_r2"":0.00025016846220338174,""ar_r2"":0.00041974467369587654,""car_r2"":0.003230214254054564,""cross_r2"":0.004727098777215111,""placebo_cross_r2"":0.000244911379573165,""cross_minus_own_r2"":0.004476930315011729,""cross_minus_car_r2"":0.0014968845231605465,""cross_minus_placebo_r2"":0.004482187397641946,""cross_hit"":0.5476703585507791,""own_hit"":0.508293598648395,""car_hit"":0.537443213816407,""placebo_cross_hit"":0.5084663037356861,""cross_unit_pnl_bps"":0.15386170891464693,""own_unit_pnl_bps"":0.053074874308655415,""car_unit_pnl_bps"":0.13328837702342092,""placebo_cross_unit_pnl_bps"":0.04942986279484518,""n"":237443,""cross_minus_own_unit_pnl_bps"":0.10078683460599151},{""asset"":""XRP"",""own_r2"":0.0010060372197726597,""ar_r2"":0.0007117053940324247,""car_r2"":0.0036131718382623745,""cross_r2"":0.005324438989431912,""placebo_cross_r2"":0.001010936239712712,""cross_minus_own_r2"":0.0043184017696592525,""cross_minus_car_r2"":0.0017112671511695376,""cross_minus_placebo_r2"":0.0043135027497192,""cross_hit"":0.5472433859259703,""own_hit"":0.5262013318135461,""car_hit"":0.5348476213330133,""placebo_cross_hit"":0.5249490071390005,""cross_unit_pnl_bps"":0.14011708924290556,""own_unit_pnl_bps"":0.09024551838844626,""car_unit_pnl_bps"":0.11347434711371066,""placebo_cross_unit_pnl_bps"":0.086524260757798,""n"":237443,""cross_minus_own_unit_pnl_bps"":0.0498715708544593}]",13.7
subminute_decay_temporal_stability,temporal stability check on the frozen in-sample spec,6,best,single_bar,1,6,2026-05-02 00:00:01 UTC,2026-06-13 00:00:01 UTC,2026-06-13 00:00:01 UTC,2026-06-27 00:00:01 UTC,3628800,1209600,1,803995,579645,579645,197357,197357,0,0.003819300053073127,0.0005968920385279186,0.0029933095593250025,0.004582768708107643,0.003812880673148278,0.000763468655034516,0.0015894591487826404,0.0007698880349593651,0.5439820951763292,0.5419547383937047,0.5315946865509071,0.5421049818234208,0.13723376465010872,0.1306710474149155,0.10702265826375594,0.13099619695851433,8.333638671575017,7.888905338245794e-17,4.687628002559601,2.765740615258083e-06,8.365566209562976,6.020975840813446e-17,True,True,True,True,"[{""asset"":""BTC"",""own_r2"":0.0067925447310012155,""ar_r2"":0.0014628084668369956,""car_r2"":0.004708144144013771,""cross_r2"":0.0076354385793532265,""placebo_cross_r2"":0.006769717348194981,""cross_minus_own_r2"":0.000842893848352011,""cross_minus_car_r2"":0.002927294435339456,""cross_minus_placebo_r2"":0.0008657212311582452,""cross_hit"":0.562028666268949,""own_hit"":0.5593899622168174,""car_hit"":0.5435959799917397,""placebo_cross_hit"":0.5599329998623285,""cross_unit_pnl_bps"":0.13991509199279564,""own_unit_pnl_bps"":0.13426039265180884,""car_unit_pnl_bps"":0.1054978044237795,""placebo_cross_unit_pnl_bps"":0.13499862023712492,""n"":197357,""cross_minus_own_unit_pnl_bps"":0.005654699340986807},{""asset"":""ETH"",""own_r2"":0.002617492633331331,""ar_r2"":0.0002501101703860087,""car_r2"":0.0020795296878174385,""cross_r2"":0.002795482876936206,""placebo_cross_r2"":0.0026171240425578723,""cross_minus_own_r2"":0.00017799024360487525,""cross_minus_car_r2"":0.0007159531891187676,""cross_minus_placebo_r2"":0.00017835883437833377,""cross_hit"":0.5315629863133953,""own_hit"":0.531868906534722,""car_hit"":0.5219331497812005,""placebo_cross_hit"":0.5317758003804052,""cross_unit_pnl_bps"":0.11399180469158787,""own_unit_pnl_bps"":0.11036964977574268,""car_unit_pnl_bps"":0.08419744025681448,""placebo_cross_unit_pnl_bps"":0.11066653756828652,""n"":197357,""cross_minus_own_unit_pnl_bps"":0.0036221549158451938},{""asset"":""SOL"",""own_r2"":0.0018756797790671076,""ar_r2"":0.00026230861128373473,""car_r2"":0.0026344758423193504,""cross_r2"":0.0028478443873343195,""placebo_cross_r2"":0.0018729740827649888,""cross_minus_own_r2"":0.000972164608267212,""cross_minus_car_r2"":0.00021336854501496916,""cross_minus_placebo_r2"":0.0009748703045693308,""cross_hit"":0.5364419930506359,""own_hit"":0.5333974294099787,""car_hit"":0.5311371993387983,""placebo_cross_hit"":0.5333130924670243,""cross_unit_pnl_bps"":0.14160599685004344,""own_unit_pnl_bps"":0.1361201717938146,""car_unit_pnl_bps"":0.12505309615269636,""placebo_cross_unit_pnl_bps"":0.13669944883753526,""n"":197357,""cross_minus_own_unit_pnl_bps"":0.005485825056228827},{""asset"":""XRP"",""own_r2"":0.003991483068892854,""ar_r2"":0.0004123409056049354,""car_r2"":0.0025510885631494506,""cross_r2"":0.0050523089888068196,""placebo_cross_r2"":0.003991707219075269,""cross_minus_own_r2"":0.0010608259199139658,""cross_minus_car_r2"":0.002501220425657369,""cross_minus_placebo_r2"":0.0010606017697315506,""cross_hit"":0.5458947350723371,""own_hit"":0.5431626554133006,""car_hit"":0.5297124170918903,""placebo_cross_hit"":0.5433980345839253,""cross_unit_pnl_bps"":0.15342216506600803,""own_unit_pnl_bps"":0.14193397543829592,""car_unit_pnl_bps"":0.11334229222173342,""placebo_cross_unit_pnl_bps"":0.14162018119111067,""n"":197357,""cross_minus_own_unit_pnl_bps"":0.011488189627712114}]",11.8
subminute_decay_temporal_stability,temporal stability check on the frozen in-sample spec,6,sum,single_bar,1,6,2026-05-02 00:00:01 UTC,2026-06-13 00:00:01 UTC,2026-06-13 00:00:01 UTC,2026-06-27 00:00:01 UTC,3628800,1209600,1,803995,579645,579645,197357,197357,0,0.0025009096613406168,0.0005968920385279186,0.0029933095593250025,0.004488043502770767,0.002490186311247783,0.00198713384143015,0.001494733943445764,0.0019978571915229837,0.5420632415991669,0.528024001729549,0.5315946865509071,0.5282359479280604,0.13133783642646607,0.0936227912721861,0.10702265826375594,0.09247680593460554,12.281913060576883,1.1664292219387075e-34,4.579382879701604,4.666340467921126e-06,12.293149708565931,1.0151942485231312e-34,True,True,True,True,"[{""asset"":""BTC"",""own_r2"":0.006442845299694522,""ar_r2"":0.0014628084668369956,""car_r2"":0.004708144144013771,""cross_r2"":0.007192783553966908,""placebo_cross_r2"":0.006407917714454148,""cross_minus_own_r2"":0.0007499382542723865,""cross_minus_car_r2"":0.0024846394099531377,""cross_minus_placebo_r2"":0.0007848658395127606,""cross_hit"":0.5595811726553777,""own_hit"":0.5564376730454469,""car_hit"":0.5435959799917397,""placebo_cross_hit"":0.5561164395086656,""cross_unit_pnl_bps"":0.13092652869449078,""own_unit_pnl_bps"":0.12789227718205862,""car_unit_pnl_bps"":0.1054978044237795,""placebo_cross_unit_pnl_bps"":0.12716987156976903,""n"":197357,""cross_minus_own_unit_pnl_bps"":0.003034251512432168},{""asset"":""ETH"",""own_r2"":0.0023959669820678986,""ar_r2"":0.0002501101703860087,""car_r2"":0.0020795296878174385,""cross_r2"":0.0023806867622671035,""placebo_cross_r2"":0.0023950890259711866,""cross_minus_own_r2"":-1.528021980079508e-05,""cross_minus_car_r2"":0.000301157074449665,""cross_minus_placebo_r2"":-1.440226370408304e-05,""cross_hit"":0.5281313594828618,""own_hit"":0.5280116515701688,""car_hit"":0.5219331497812005,""placebo_cross_hit"":0.5279251958554461,""cross_unit_pnl_bps"":0.1021575656125846,""own_unit_pnl_bps"":0.10035239991382766,""car_unit_pnl_bps"":0.08419744025681448,""placebo_cross_unit_pnl_bps"":0.09942608751384452,""n"":197357,""cross_minus_own_unit_pnl_bps"":0.0018051656987569387},{""asset"":""SOL"",""own_r2"":0.0001534663094118205,""ar_r2"":0.00026230861128373473,""car_r2"":0.0026344758423193504,""cross_r2"":0.003796993154362438,""placebo_cross_r2"":0.00014998426424206457,""cross_minus_own_r2"":0.0036435268449506175,""cross_minus_car_r2"":0.0011625173120430876,""cross_minus_placebo_r2"":0.0036470088901203734,""cross_hit"":0.5398660729345882,""own_hit"":0.5058867186182235,""car_hit"":0.5311371993387983,""placebo_cross_hit"":0.5067891239078366,""cross_unit_pnl_bps"":0.15080181762320785,""own_unit_pnl_bps"":0.05492465268642809,""car_unit_pnl_bps"":0.12505309615269636,""placebo_cross_unit_pnl_bps"":0.053235886028589675,""n"":197357,""cross_minus_own_unit_pnl_bps"":0.09587716493677975},{""asset"":""XRP"",""own_r2"":0.0010113600541882262,""ar_r2"":0.0004123409056049354,""car_r2"":0.0025510885631494506,""cross_r2"":0.0045817105404866165,""placebo_cross_r2"":0.0010077542403237327,""cross_minus_own_r2"":0.0035703504862983904,""cross_minus_car_r2"":0.002030621977337166,""cross_minus_placebo_r2"":0.003573956300162884,""cross_hit"":0.5406743613238397,""own_hit"":0.5217599636843565,""car_hit"":0.5297124170918903,""placebo_cross_hit"":0.5221130324402935,""cross_unit_pnl_bps"":0.14146543377558113,""own_unit_pnl_bps"":0.09132183530643008,""car_unit_pnl_bps"":0.11334229222173342,""placebo_cross_unit_pnl_bps"":0.09007537862621895,""n"":197357,""cross_minus_own_unit_pnl_bps"":0.05014359846915105}]",11.6
subminute_decay_temporal_stability,temporal stability check on the frozen in-sample spec,6,distance,single_bar,1,6,2026-05-02 00:00:01 UTC,2026-06-13 00:00:01 UTC,2026-06-13 00:00:01 UTC,2026-06-27 00:00:01 UTC,3628800,1209600,1,803995,579645,579645,197357,197357,0,0.0029565893694708245,0.0005968920385279186,0.0029933095593250025,0.004501245081645205,0.0029481039098202544,0.001544655712174381,0.001507935522320203,0.001553141171824951,0.5427334185027398,0.5374850190599986,0.5315946865509071,0.5371528904287035,0.13324364240233094,0.11975590457740787,0.10702265826375594,0.11772676614082794,11.91094886265487,1.0650648191634641e-32,4.439047538590278,9.040674302967926e-06,11.931174698926315,8.356239095369032e-33,True,True,True,True,"[{""asset"":""BTC"",""own_r2"":0.006943332422931103,""ar_r2"":0.0014628084668369956,""car_r2"":0.004708144144013771,""cross_r2"":0.007555992390926081,""placebo_cross_r2"":0.006913387738992971,""cross_minus_own_r2"":0.0006126599679949774,""cross_minus_car_r2"":0.00284784824691231,""cross_minus_placebo_r2"":0.0006426046519331097,""cross_hit"":0.561378550777844,""own_hit"":0.5599559451149557,""car_hit"":0.5435959799917397,""placebo_cross_hit"":0.5596576568308017,""cross_unit_pnl_bps"":0.13684579468920963,""own_unit_pnl_bps"":0.134459923272432,""car_unit_pnl_bps"":0.1054978044237795,""placebo_cross_unit_pnl_bps"":0.13303513442844134,""n"":197357,""cross_minus_own_unit_pnl_bps"":0.002385871416777624},{""asset"":""ETH"",""own_r2"":0.002679927221841738,""ar_r2"":0.0002501101703860087,""car_r2"":0.0020795296878174385,""cross_r2"":0.0026921871587969326,""placebo_cross_r2"":0.002678661680598493,""cross_minus_own_r2"":1.2259936955194561e-05,""cross_minus_car_r2"":0.0006126574709794941,""cross_minus_placebo_r2"":1.3525478198439522e-05,""cross_hit"":0.5309976989479005,""own_hit"":0.5318622560951279,""car_hit"":0.5219331497812005,""placebo_cross_hit"":0.5315496854342072,""cross_unit_pnl_bps"":0.10879379359850469,""own_unit_pnl_bps"":0.11241999819151437,""car_unit_pnl_bps"":0.08419744025681448,""placebo_cross_unit_pnl_bps"":0.11130309088850542,""n"":197357,""cross_minus_own_unit_pnl_bps"":-0.003626204593009677},{""asset"":""SOL"",""own_r2"":0.00037333064018840734,""ar_r2"":0.00026230861128373473,""car_r2"":0.0026344758423193504,""cross_r2"":0.003389707489917515,""placebo_cross_r2"":0.0003711547194150677,""cross_minus_own_r2"":0.0030163768497291077,""cross_minus_car_r2"":0.0007552316475981646,""cross_minus_placebo_r2"":0.0030185527705024473,""cross_hit"":0.5375468070033398,""own_hit"":0.5246854232027798,""car_hit"":0.5311371993387983,""placebo_cross_hit"":0.5237239820530986,""cross_unit_pnl_bps"":0.14650582796607892,""own_unit_pnl_bps"":0.11224164160727672,""car_unit_pnl_bps"":0.12505309615269636,""placebo_cross_unit_pnl_bps"":0.10708827270984153,""n"":197357,""cross_minus_own_unit_pnl_bps"":0.0342641863588022},{""asset"":""XRP"",""own_r2"":0.0018297671929220494,""ar_r2"":0.0004123409056049354,""car_r2"":0.0025510885631494506,""cross_r2"":0.004367093286940293,""placebo_cross_r2"":0.0018292115002744858,""cross_minus_own_r2"":0.002537326094018244,""cross_minus_car_r2"":0.0018160047237908428,""cross_minus_placebo_r2"":0.0025378817866658077,""cross_hit"":0.5410106172818749,""own_hit"":0.5334364518271308,""car_hit"":0.5297124170918903,""placebo_cross_hit"":0.5336802373967063,""cross_unit_pnl_bps"":0.14082915335553048,""own_unit_pnl_bps"":0.11990205523840836,""car_unit_pnl_bps"":0.11334229222173342,""placebo_cross_unit_pnl_bps"":0.11948056653652349,""n"":197357,""cross_minus_own_unit_pnl_bps"":0.020927098117122123}]",11.4
subminute_decay_temporal_stability,temporal stability check on the frozen in-sample spec,6,pca,single_bar,1,6,2026-05-02 00:00:01 UTC,2026-06-13 00:00:01 UTC,2026-06-13 00:00:01 UTC,2026-06-27 00:00:01 UTC,3628800,1209600,1,803995,579645,579645,197357,197357,0,0.0026394258925472314,0.0005968920385279186,0.0029933095593250025,0.004714801850431605,0.002630681531663376,0.0020753759578843733,0.0017214922911066022,0.002084120318768229,0.5441357399459363,0.5278471077052069,0.5315946865509071,0.5283416833769653,0.13705143816657495,0.09239794584673189,0.10702265826375594,0.092330920235136,13.206179494565374,8.40337078640125e-40,5.078847914251448,3.800751617507929e-07,13.216754053257068,7.302816857784208e-40,True,True,True,True,"[{""asset"":""BTC"",""own_r2"":0.006841448307418396,""ar_r2"":0.0014628084668369956,""car_r2"":0.004708144144013771,""cross_r2"":0.007512472331703712,""placebo_cross_r2"":0.006809733517767813,""cross_minus_own_r2"":0.000671024024285316,""cross_minus_car_r2"":0.0028043281876899417,""cross_minus_placebo_r2"":0.0007027388139358992,""cross_hit"":0.5614779802058955,""own_hit"":0.5596041179080048,""car_hit"":0.5435959799917397,""placebo_cross_hit"":0.559757086258853,""cross_unit_pnl_bps"":0.13599900940519805,""own_unit_pnl_bps"":0.13358514529974275,""car_unit_pnl_bps"":0.1054978044237795,""placebo_cross_unit_pnl_bps"":0.1337987851204796,""n"":197357,""cross_minus_own_unit_pnl_bps"":0.002413864105455299},{""asset"":""ETH"",""own_r2"":0.002649971568898568,""ar_r2"":0.0002501101703860087,""car_r2"":0.0020795296878174385,""cross_r2"":0.0026296437888715385,""placebo_cross_r2"":0.002648600564957748,""cross_minus_own_r2"":-2.0327780027029618e-05,""cross_minus_car_r2"":0.0005501141010541,""cross_minus_placebo_r2"":-1.8956776086209715e-05,""cross_hit"":0.5311905616961281,""own_hit"":0.5310243007062767,""car_hit"":0.5219331497812005,""placebo_cross_hit"":0.5311041059814053,""cross_unit_pnl_bps"":0.10878875573792829,""own_unit_pnl_bps"":0.11009353595592344,""car_unit_pnl_bps"":0.08419744025681448,""placebo_cross_unit_pnl_bps"":0.11004767620864578,""n"":197357,""cross_minus_own_unit_pnl_bps"":-0.001304780217995155},{""asset"":""SOL"",""own_r2"":0.00013493162026567695,""ar_r2"":0.00026230861128373473,""car_r2"":0.0026344758423193504,""cross_r2"":0.003958245300445529,""placebo_cross_r2"":0.0001333811470918267,""cross_minus_own_r2"":0.0038233136801798517,""cross_minus_car_r2"":0.0013237694581261783,""cross_minus_placebo_r2"":0.003824864153353702,""cross_hit"":0.5414263063792464,""own_hit"":0.5027240832574301,""car_hit"":0.5311371993387983,""placebo_cross_hit"":0.504393954727929,""cross_unit_pnl_bps"":0.15792346303773025,""own_unit_pnl_bps"":0.043588896958429754,""car_unit_pnl_bps"":0.12505309615269636,""placebo_cross_unit_pnl_bps"":0.04495936041928327,""n"":197357,""cross_minus_own_unit_pnl_bps"":0.1143345660793005},{""asset"":""XRP"",""own_r2"":0.0009313520736062841,""ar_r2"":0.0004123409056049354,""car_r2"":0.0025510885631494506,""cross_r2"":0.004758845980705639,""placebo_cross_r2"":0.0009310108968361153,""cross_minus_own_r2"":0.0038274939070993552,""cross_minus_car_r2"":0.0022077574175561887,""cross_minus_placebo_r2"":0.003827835083869524,""cross_hit"":0.5424481115024757,""own_hit"":0.5180359289491161,""car_hit"":0.5297124170918903,""placebo_cross_hit"":0.518111586539674,""cross_unit_pnl_bps"":0.14549452448544314,""own_unit_pnl_bps"":0.08232420517283162,""car_unit_pnl_bps"":0.11334229222173342,""placebo_cross_unit_pnl_bps"":0.08051785919213542,""n"":197357,""cross_minus_own_unit_pnl_bps"":0.06317031931261152}]",11.6

