bar_s,scheme,lagset,horizon,tag,ar_r2,ar_hit,car_r2,car_hit,own_r2,own_hit,cross_r2,cross_hit,cross_minus_own_r2,cross_minus_ar_r2,cross_minus_car_r2,pnl_gross,pnl_net,pnl_hit,turnover,n_bars,step,best_asset,best_asset_cross_minus_own_r2,asset_metrics_json,pnl_net_0p0bp,pnl_net_0p25bp,pnl_net_0p5bp,pnl_net_1p0bp,train,refit_cap,levels,horizon_seconds
300,pca,ccz,2,300s_pca_ccz_h2,-0.009157228128703176,0.5062991524776667,-0.004250293037467268,0.5110712376880202,-0.006076241016001405,0.5028250744445293,-0.001984829760949436,0.5106703825303505,0.004091411255051969,0.007172398367753741,0.0022654632765178317,0.6671235909261555,0.507945619445084,0.5123693266670996,0.24316830351523255,16128,500,XRP,0.005118673361662829,"[{""asset"":""BTC"",""ar_r2"":-0.009830989530663858,""car_r2"":-0.003857884987524818,""own_r2"":-0.005678691304271233,""cross_r2"":-0.0025439759460994527,""cross_minus_own_r2"":0.00313471535817178,""ar_hit"":0.511109414369703,""car_hit"":0.5198136977933878,""own_hit"":0.5046193784836221,""cross_hit"":0.5159196762617393},{""asset"":""ETH"",""ar_r2"":-0.008430110824162895,""car_r2"":-0.004794682706012798,""own_r2"":-0.005834034803443577,""cross_r2"":-0.0021521381164688602,""cross_minus_own_r2"":0.003681896686974717,""ar_hit"":0.5085134000152707,""car_hit"":0.5112621210964343,""own_hit"":0.5009544170420707,""cross_hit"":0.5120256547300909},{""asset"":""SOL"",""ar_r2"":-0.008599377322810353,""car_r2"":-0.004211733341942692,""own_r2"":-0.005991774102365843,""cross_r2"":-0.0015614144889672943,""cross_minus_own_r2"":0.004430359613398549,""ar_hit"":0.501794304039093,""car_hit"":0.5050011453004505,""own_hit"":0.5027105443994808,""cross_hit"":0.5043139650301596},{""asset"":""XRP"",""ar_r2"":-0.009768434837175599,""car_r2"":-0.004136871114388763,""own_r2"":-0.006800463853924965,""cross_r2"":-0.0016817904922621363,""cross_minus_own_r2"":0.005118673361662829,""ar_hit"":0.5037794914866,""car_hit"":0.5082079865618081,""own_hit"":0.5030159578529434,""cross_hit"":0.5104222340994121}]",0.6671235909261555,0.5875346051856197,0.507945619445084,0.34876764796401294,3000,200,10,600
300,best,ccz,2,300s_best_ccz_h2,-0.009157228128703176,0.5062991524776667,-0.004250293037467268,0.5110712376880202,-0.005930937288024241,0.5050774986638161,-0.001597357811600253,0.5077307780407727,0.004333579476423988,0.0075598703171029236,0.0026529352258670147,0.5294259378466981,0.37417814620273426,0.5097094919993785,0.23716436242585376,16128,500,XRP,0.006271718781579727,"[{""asset"":""BTC"",""ar_r2"":-0.009830989530663858,""car_r2"":-0.003857884987524818,""own_r2"":-0.005684446395775256,""cross_r2"":-0.002130327047640934,""cross_minus_own_r2"":0.0035541193481343214,""ar_hit"":0.511109414369703,""car_hit"":0.5198136977933878,""own_hit"":0.506222799114301,""cross_hit"":0.5155379094449111},{""asset"":""ETH"",""ar_r2"":-0.008430110824162895,""car_r2"":-0.004794682706012798,""own_r2"":-0.0056221591273057925,""cross_r2"":-0.0016792460179408941,""cross_minus_own_r2"":0.003942913109364898,""ar_hit"":0.5085134000152707,""car_hit"":0.5112621210964343,""own_hit"":0.5023287775826525,""cross_hit"":0.508437046651905},{""asset"":""SOL"",""ar_r2"":-0.008599377322810353,""car_r2"":-0.004211733341942692,""own_r2"":-0.004616052630908696,""cross_r2"":-0.001050485964291692,""cross_minus_own_r2"":0.003565566666617004,""ar_hit"":0.501794304039093,""car_hit"":0.5050011453004505,""own_hit"":0.5030159578529434,""cross_hit"":0.5020997174925556},{""asset"":""XRP"",""ar_r2"":-0.009768434837175599,""car_r2"":-0.004136871114388763,""own_r2"":-0.0078010909981072185,""cross_r2"":-0.0015293722165274914,""cross_minus_own_r2"":0.006271718781579727,""ar_hit"":0.5037794914866,""car_hit"":0.5082079865618081,""own_hit"":0.5087424601053676,""cross_hit"":0.5048484385737192}]",0.5294259378466981,0.4518020420247162,0.37417814620273426,0.2189303545587703,3000,200,10,600
300,sum,ccz,2,300s_sum_ccz_h2,-0.009157228128703176,0.5062991524776667,-0.004250293037467268,0.5110712376880202,-0.006168252343236202,0.5025960143544322,-0.0018020329043328953,0.5110712376880202,0.004366219438903307,0.007355195224370281,0.0024482601331343723,0.69038774314597,0.5421382531963147,0.5123355263157895,0.2264734035283459,16128,500,XRP,0.005234442533528227,"[{""asset"":""BTC"",""ar_r2"":-0.009830989530663858,""car_r2"":-0.003857884987524818,""own_r2"":-0.0055509952700207865,""cross_r2"":-0.0019994749561011993,""cross_minus_own_r2"":0.0035515203139195872,""ar_hit"":0.511109414369703,""car_hit"":0.5198136977933878,""own_hit"":0.503092311216309,""cross_hit"":0.5156906161716424},{""asset"":""ETH"",""ar_r2"":-0.008430110824162895,""car_r2"":-0.004794682706012798,""own_r2"":-0.006223419119501861,""cross_r2"":-0.0020987158084664337,""cross_minus_own_r2"":0.004124703311035427,""ar_hit"":0.5085134000152707,""car_hit"":0.5112621210964343,""own_hit"":0.5036267847598687,""cross_hit"":0.5111857677330687},{""asset"":""SOL"",""ar_r2"":-0.008599377322810353,""car_r2"":-0.004211733341942692,""own_r2"":-0.00607558355428095,""cross_r2"":-0.0015213719571509632,""cross_minus_own_r2"":0.004554211597129987,""ar_hit"":0.501794304039093,""car_hit"":0.5050011453004505,""own_hit"":0.5031686645796747,""cross_hit"":0.5053065587539131},{""asset"":""XRP"",""ar_r2"":-0.009768434837175599,""car_r2"":-0.004136871114388763,""own_r2"":-0.0068230114291412125,""cross_r2"":-0.001588568895612985,""cross_minus_own_r2"":0.005234442533528227,""ar_hit"":0.5037794914866,""car_hit"":0.5082079865618081,""own_hit"":0.5004962968618768,""cross_hit"":0.5121020080934565}]",0.69038774314597,0.6162629981711425,0.5421382531963147,0.3938887632466596,3000,200,10,600
300,distance,ccz,2,300s_distance_ccz_h2,-0.009157228128703176,0.5062991524776667,-0.004250293037467268,0.5110712376880202,-0.006110421399423527,0.5027105443994808,-0.0017992233579435246,0.5092005802855616,0.004311198041480002,0.007358004770759652,0.002451069679523743,0.7050706799534066,0.5752425831610702,0.5112536109964763,0.19833195354771826,16128,500,XRP,0.005283601862862142,"[{""asset"":""BTC"",""ar_r2"":-0.009830989530663858,""car_r2"":-0.003857884987524818,""own_r2"":-0.005621981168913548,""cross_r2"":-0.002154407548247139,""cross_minus_own_r2"":0.0034675736206664087,""ar_hit"":0.511109414369703,""car_hit"":0.5198136977933878,""own_hit"":0.5052302053905474,""cross_hit"":0.5138581354508666},{""asset"":""ETH"",""ar_r2"":-0.008430110824162895,""car_r2"":-0.004794682706012798,""own_r2"":-0.005804307110932383,""cross_r2"":-0.0016856944609300317,""cross_minus_own_r2"":0.004118612650002351,""ar_hit"":0.5085134000152707,""car_hit"":0.5112621210964343,""own_hit"":0.5001908834084141,""cross_hit"":0.5114911811865313},{""asset"":""SOL"",""ar_r2"":-0.008599377322810353,""car_r2"":-0.004211733341942692,""own_r2"":-0.005788973794969898,""cross_r2"":-0.0014139697625807912,""cross_minus_own_r2"":0.004375004032389107,""ar_hit"":0.501794304039093,""car_hit"":0.5050011453004505,""own_hit"":0.5036267847598687,""cross_hit"":0.5042376116667939},{""asset"":""XRP"",""ar_r2"":-0.009768434837175599,""car_r2"":-0.004136871114388763,""own_r2"":-0.007226423522878278,""cross_r2"":-0.0019428216600161363,""cross_minus_own_r2"":0.005283601862862142,""ar_hit"":0.5037794914866,""car_hit"":0.5082079865618081,""own_hit"":0.501794304039093,""cross_hit"":0.5072153928380545}]",0.7050706799534066,0.6401566315572385,0.5752425831610702,0.445414486368734,3000,200,10,600
300,pca,ccz,5,300s_pca_ccz_h5,-0.014584509324260642,0.5044295096990988,-0.008542347243880755,0.5041049335573545,-0.010735252964058584,0.502940277989919,-0.0050748645287899685,0.511818390102337,0.005660388435268615,0.009509644795470673,0.003467482715090786,1.4802140255555614,1.4000567785319031,0.512627197039778,0.12248032244427899,16128,500,SOL,0.0072703548077130975,"[{""asset"":""BTC"",""ar_r2"":-0.0172599609731392,""car_r2"":-0.008141900083744824,""own_r2"":-0.009973980761329715,""cross_r2"":-0.005019329552715224,""cross_minus_own_r2"":0.004954651208614491,""ar_hit"":0.510844661677104,""car_hit"":0.5012219337100963,""own_hit"":0.49434855659080496,""cross_hit"":0.5140522376661066},{""asset"":""ETH"",""ar_r2"":-0.011682771540184378,""car_r2"":-0.01052814267385993,""own_r2"":-0.01097389591156217,""cross_r2"":-0.003964824702972436,""cross_minus_own_r2"":0.007009071208589734,""ar_hit"":0.505727814266076,""car_hit"":0.5063387811211242,""own_hit"":0.5073316022605774,""cross_hit"":0.515961509088132},{""asset"":""SOL"",""ar_r2"":-0.012866268616251064,""car_r2"":-0.007468004835688102,""own_r2"":-0.011847856721235228,""cross_r2"":-0.004577501913522131,""cross_minus_own_r2"":0.0072703548077130975,""ar_hit"":0.5028257217045975,""car_hit"":0.5021383839926684,""own_hit"":0.5028257217045975,""cross_hit"":0.5026729799908355},{""asset"":""XRP"",""ar_r2"":-0.016529036167467925,""car_r2"":-0.008031341382230162,""own_r2"":-0.010145278462107221,""cross_r2"":-0.006737801945950084,""cross_minus_own_r2"":0.0034074765161571374,""ar_hit"":0.4983198411486177,""car_hit"":0.5067206354055293,""own_hit"":0.5072552314036963,""cross_hit"":0.5145868336642737}]",1.4802140255555614,1.4401354020437322,1.4000567785319031,1.3198995315082447,3000,200,10,1500
300,pca,ccz,10,300s_pca_ccz_h10,-0.01876742457660635,0.5057109022843609,-0.013687512501089572,0.5037436014974406,-0.01652937709763702,0.4979562991825197,-0.008759060368492111,0.5121667048666819,0.0077703167291449105,0.01000836420811424,0.004928452132597461,2.2931934831417666,2.245762175127968,0.5144513356844623,0.07250276370192307,16128,500,SOL,0.010334296326551362,"[{""asset"":""BTC"",""ar_r2"":-0.023882674017986272,""car_r2"":-0.014897798019204656,""own_r2"":-0.01328416842752489,""cross_r2"":-0.007357835228286369,""cross_minus_own_r2"":0.00592633319923852,""ar_hit"":0.5123386049354419,""car_hit"":0.5044694017877607,""own_hit"":0.4882725953090381,""cross_hit"":0.5153946061578425},{""asset"":""ETH"",""ar_r2"":-0.014558893194493994,""car_r2"":-0.014963331996208362,""own_r2"":-0.016575766340512832,""cross_r2"":-0.00795574353449613,""cross_minus_own_r2"":0.008620022806016703,""ar_hit"":0.5128734051493621,""car_hit"":0.5050042020016808,""own_hit"":0.5075254030101612,""cross_hit"":0.5171518068607227},{""asset"":""SOL"",""ar_r2"":-0.015861170065195385,""car_r2"":-0.01223569651371692,""own_r2"":-0.018802396536617527,""cross_r2"":-0.008468100210066165,""cross_minus_own_r2"":0.010334296326551362,""ar_hit"":0.5033234013293605,""car_hit"":0.5011842004736802,""own_hit"":0.5027122010848805,""cross_hit"":0.50026740010696},{""asset"":""XRP"",""ar_r2"":-0.020766961028749753,""car_r2"":-0.012653223475228348,""own_r2"":-0.017455177085892837,""cross_r2"":-0.01125456250111978,""cross_minus_own_r2"":0.0062006145847730565,""ar_hit"":0.4943081977232791,""car_hit"":0.5043166017266407,""own_hit"":0.4933149973259989,""cross_hit"":0.5158530063412026}]",2.2931934831417666,2.269477829134867,2.245762175127968,2.1983308671141706,3000,200,10,3000
300,pca,ccz,20,300s_pca_ccz_h20,-0.023300089103823363,0.5167826286413335,-0.015545157919549635,0.5160371588041899,-0.023275479055973103,0.5091176695466014,-0.013415683637645559,0.519516018044193,0.009859795418327544,0.009884405466177804,0.0021294742819040757,4.3546688272585685,4.323489684814419,0.520092946965555,0.04769640881772882,16128,500,SOL,0.013457008492649525,"[{""asset"":""BTC"",""ar_r2"":-0.027776784735583204,""car_r2"":-0.020231543632371674,""own_r2"":-0.018373299094057494,""cross_r2"":-0.012855334909204652,""cross_minus_own_r2"":0.005517964184852842,""ar_hit"":0.5345209878431073,""car_hit"":0.5174707546448505,""own_hit"":0.5053903203608838,""cross_hit"":0.5224405535591407},{""asset"":""ETH"",""ar_r2"":-0.01880391741663967,""car_r2"":-0.013758691466437156,""own_r2"":-0.02162410431156503,""cross_r2"":-0.012779674721015821,""cross_minus_own_r2"":0.008844429590549208,""ar_hit"":0.5271045186940898,""car_hit"":0.5235109717868338,""own_hit"":0.5177765884241915,""cross_hit"":0.5249636822387033},{""asset"":""SOL"",""ar_r2"":-0.022421316654032353,""car_r2"":-0.01706004961424923,""own_r2"":-0.02723167208950894,""cross_r2"":-0.013774663596859416,""cross_minus_own_r2"":0.013457008492649525,""ar_hit"":0.5001146876672529,""car_hit"":0.5096719932716569,""own_hit"":0.5105894946096796,""cross_hit"":0.5040140683538497},{""asset"":""XRP"",""ar_r2"":-0.024198337609038223,""car_r2"":-0.01113034696514048,""own_r2"":-0.02587284072876095,""cross_r2"":-0.014253061323502347,""cross_minus_own_r2"":0.011619779405258601,""ar_hit"":0.5053903203608838,""car_hit"":0.5134949155134184,""own_hit"":0.5027142747916508,""cross_hit"":0.5266457680250783}]",4.3546688272585685,4.339079256036493,4.323489684814419,4.292310542370269,3000,200,10,6000
60,pca,ccz,5,60s_pca_ccz_h5,-0.008222604684411383,0.5077571321805016,-0.0031431341726171347,0.5063332732005257,-0.00741385156061608,0.5015913718011494,-0.010595790652830173,0.5034179058320233,-0.003181939092214092,-0.0023731859684187895,-0.007452656480213038,1.0088045049854502,-0.9086464851317363,0.5041472289178711,0.49418203118959453,80640,500,XRP,0.005152703113167512,"[{""asset"":""BTC"",""ar_r2"":-0.00839814206468037,""car_r2"":-0.0019090691304040064,""own_r2"":-0.007629068953250107,""cross_r2"":-0.012896625907394377,""cross_minus_own_r2"":-0.00526755695414427,""ar_hit"":0.5078086745870165,""car_hit"":0.5089297219287169,""own_hit"":0.5031054299925264,""cross_hit"":0.5069066824730046},{""asset"":""ETH"",""ar_r2"":-0.009427451571930368,""car_r2"":-0.004872951087183663,""own_r2"":-0.007895683724920444,""cross_r2"":-0.009980971049360576,""cross_minus_own_r2"":-0.0020852873244401327,""ar_hit"":0.5074092209365255,""car_hit"":0.5063010591964539,""own_hit"":0.5019070690410535,""cross_hit"":0.5028992603664665},{""asset"":""SOL"",""ar_r2"":-0.007301982354334324,""car_r2"":-0.0037742808242402504,""own_r2"":-0.0064123266594857675,""cross_r2"":-0.016939941862925245,""cross_minus_own_r2"":-0.010527615203439478,""ar_hit"":0.5063783728062263,""car_hit"":0.508130814627735,""own_hit"":0.5019070690410535,""cross_hit"":0.5029894595778677},{""asset"":""XRP"",""ar_r2"":-0.007762842746700471,""car_r2"":-0.0020162356486406185,""own_r2"":-0.007718326904808004,""cross_r2"":-0.0025656237916404923,""cross_minus_own_r2"":0.005152703113167512,""ar_hit"":0.5094322603922378,""car_hit"":0.5019714970491972,""own_hit"":0.49944591912996417,""cross_hit"":0.5008762209107543}]",1.0088045049854502,0.05007900992685682,-0.9086464851317363,-2.8260974752489223,3000,200,10,300
60,best,low,5,60s_best_low_h5,-0.002316807746713001,0.507567658083547,-0.0013660978970370663,0.5060090425463398,-0.002127074038639376,0.5051492277768475,-0.0016979040373094612,0.505059059935852,0.0004291700013299149,0.0006189037094035399,-0.00033180614027239486,1.5437022799998292,0.41656519888226756,0.5061499436302141,0.29039446620228837,80640,500,XRP,0.0009944334933820187,"[{""asset"":""BTC"",""ar_r2"":-0.001226811896247737,""car_r2"":-0.0006598292533863681,""own_r2"":-0.0017802863346931819,""cross_r2"":-0.0010321912429209767,""cross_minus_own_r2"":0.0007480950917722051,""ar_hit"":0.5106462457975346,""car_hit"":0.5092164414617495,""own_hit"":0.5067947908750144,""cross_hit"":0.5081601896100885},{""asset"":""ETH"",""ar_r2"":-0.0029324250127953366,""car_r2"":-0.00207017631894324,""own_r2"":-0.0024659933829267455,""cross_r2"":-0.0033840604327124435,""cross_minus_own_r2"":-0.000918067049785698,""ar_hit"":0.5104659101155437,""car_hit"":0.5077351126453956,""own_hit"":0.5040768745250087,""cross_hit"":0.5047595738925457},{""asset"":""SOL"",""ar_r2"":-0.0022540723710788857,""car_r2"":-0.0013189180912813736,""own_r2"":-0.0020136256322633717,""cross_r2"":-0.001121407162312238,""cross_minus_own_r2"":0.0008922184699511337,""ar_hit"":0.5044633081292749,""car_hit"":0.5038965388430178,""own_hit"":0.5053392242989451,""cross_hit"":0.5051073641363854},{""asset"":""XRP"",""ar_r2"":-0.002853921706730045,""car_r2"":-0.0014154679245372837,""own_r2"":-0.002248390804674205,""cross_r2"":-0.0012539573112921865,""cross_minus_own_r2"":0.0009944334933820187,""ar_hit"":0.5046951682918347,""car_hit"":0.5031880772351963,""own_hit"":0.5043860214084217,""cross_hit"":0.5022091121043886}]",1.5437022799998292,0.9801337394410483,0.41656519888226756,-0.7105718822352947,3000,200,10,300
5,pca,ccz,1,5s_pca_ccz_h1,-0.0032407865351528065,0.29233867205722286,0.0012903536680171634,0.30695303996268075,0.0014061629536410436,0.310771523350438,0.004612413280508015,0.3220100554605297,0.0032062503268669718,0.007853199815660822,0.003322059612490852,11.34460820929301,-37.324488791914575,0.36717407581854855,1.0090571557662682,967680,4838,SOL,0.007448876974267882,"[{""asset"":""BTC"",""ar_r2"":-0.002727059611442817,""car_r2"":0.0008753355490255244,""own_r2"":0.006659155192152433,""cross_r2"":0.006656440156275978,""cross_minus_own_r2"":-2.715035876454941e-06,""ar_hit"":0.2951288031928679,""car_hit"":0.3166112061369409,""own_hit"":0.3300388742030788,""cross_hit"":0.3315762193541699},{""asset"":""ETH"",""ar_r2"":-0.0035408785288666422,""car_r2"":0.00045673160283610237,""own_r2"":0.0018026269937152506,""cross_r2"":0.0014510679050037112,""cross_minus_own_r2"":-0.0003515590887115394,""ar_hit"":0.3373938734255948,""car_hit"":0.3479116778106049,""own_hit"":0.3651935935313326,""cross_hit"":0.3649406520499663},{""asset"":""SOL"",""ar_r2"":-0.003365556292027394,""car_r2"":0.0023869222832209047,""own_r2"":-0.0017706922044014028,""cross_r2"":0.005678184769866479,""cross_minus_own_r2"":0.007448876974267882,""ar_hit"":0.26171668480796145,""car_hit"":0.27772974654019594,""own_hit"":0.26508681905354275,""cross_hit"":0.2902918156844451},{""asset"":""XRP"",""ar_r2"":-0.0033296517082743726,""car_r2"":0.0014424252369861223,""own_r2"":-0.0010664381669021061,""cross_r2"":0.0046639602908858935,""cross_minus_own_r2"":0.005730398457788,""ar_hit"":0.2751153268024672,""car_hit"":0.2855595293629814,""own_hit"":0.28276680661379777,""cross_hit"":0.30123153475353753}]",11.34460820929301,-12.98994029131078,-37.324488791914575,-85.99358579312215,3000,200,10,5
300,pca,ccz,2,300s_pca_ccz_h2,-0.004688392809470809,0.506586114687531,-0.0016425362482900274,0.5110924036842626,-0.002383257658225668,0.5048034069525602,-0.0005917589931586087,0.5105476874319105,0.0017914986650670595,0.004096633816312201,0.0010507772551314187,0.49077197343832907,0.4568819862741964,0.5121563493547784,0.06716208316316459,16128,500,SOL,0.0027254520690285222,"[{""asset"":""BTC"",""ar_r2"":-0.004601398186081296,""car_r2"":-0.0011664859212630052,""own_r2"":-0.0019056311309177953,""cross_r2"":-0.0005959607362886477,""cross_minus_own_r2"":0.0013096703946291477,""ar_hit"":0.5101515301574725,""car_hit"":0.5152025354065564,""own_hit"":0.506388036050312,""cross_hit"":0.5139150242646331},{""asset"":""ETH"",""ar_r2"":-0.005327382610072151,""car_r2"":-0.001956448956846213,""own_r2"":-0.0016833655210615195,""cross_r2"":-0.000569084063716252,""cross_minus_own_r2"":0.0011142814573452675,""ar_hit"":0.5044072496781222,""car_hit"":0.5129246310785381,""own_hit"":0.5151034960879469,""cross_hit"":0.5121323165296623},{""asset"":""SOL"",""ar_r2"":-0.0047946226446666795,""car_r2"":-0.0012522793528255693,""own_r2"":-0.0030772040355910857,""cross_r2"":-0.00035175196656256347,""cross_minus_own_r2"":0.0027254520690285222,""ar_hit"":0.5029216598989799,""car_hit"":0.5042091710409032,""own_hit"":0.49579082895909676,""cross_hit"":0.5027235812617609},{""asset"":""XRP"",""ar_r2"":-0.004030167797063111,""car_r2"":-0.0021949307622253222,""own_r2"":-0.002866829945332272,""cross_r2"":-0.0008502392060669717,""cross_minus_own_r2"":0.0020165907392653004,""ar_hit"":0.5088640190155491,""car_hit"":0.5120332772110527,""own_hit"":0.501931266712885,""cross_hit"":0.5134198276715857}]",0.49077197343832907,0.4738269798562628,0.4568819862741964,0.4229919991100634,6000,200,10,600
300,best,ccz,2,300s_best_ccz_h2,-0.004688392809470809,0.506586114687531,-0.0016425362482900274,0.5110924036842626,-0.0016024085585258363,0.5039120530850747,-0.0005230450037426726,0.5111914430028721,0.0010793635547831637,0.004165347805728137,0.0011194912445473548,0.33788801614154534,0.23673590030578262,0.5141187925998053,0.2004599996745197,16128,500,XRP,0.0014850551094574005,"[{""asset"":""BTC"",""ar_r2"":-0.004601398186081296,""car_r2"":-0.0011664859212630052,""own_r2"":-0.0019100919918828563,""cross_r2"":-0.0006343975658769097,""cross_minus_own_r2"":0.0012756944260059466,""ar_hit"":0.5101515301574725,""car_hit"":0.5152025354065564,""own_hit"":0.505793800138655,""cross_hit"":0.5147073388135089},{""asset"":""ETH"",""ar_r2"":-0.005327382610072151,""car_r2"":-0.001956448956846213,""own_r2"":-0.001791315360742285,""cross_r2"":-0.0009489883310469516,""cross_minus_own_r2"":0.0008423270296953334,""ar_hit"":0.5044072496781222,""car_hit"":0.5129246310785381,""own_hit"":0.5142121422204615,""cross_hit"":0.5112409626621769},{""asset"":""SOL"",""ar_r2"":-0.0047946226446666795,""car_r2"":-0.0012522793528255693,""own_r2"":-0.0009050232360878763,""cross_r2"":-0.00019064558211390192,""cross_minus_own_r2"":0.0007143776539739743,""ar_hit"":0.5029216598989799,""car_hit"":0.5042091710409032,""own_hit"":0.4905417450727939,""cross_hit"":0.5043082103595127},{""asset"":""XRP"",""ar_r2"":-0.004030167797063111,""car_r2"":-0.0021949307622253222,""own_r2"":-0.0018032036453903277,""cross_r2"":-0.00031814853593292725,""cross_minus_own_r2"":0.0014850551094574005,""ar_hit"":0.5088640190155491,""car_hit"":0.5120332772110527,""own_hit"":0.5051005249083886,""cross_hit"":0.51450926017629}]",0.33788801614154534,0.28731195822366395,0.23673590030578262,0.13558378447002,6000,200,10,600
300,sum,ccz,2,300s_sum_ccz_h2,-0.004688392809470809,0.506586114687531,-0.0016425362482900274,0.5110924036842626,-0.0024750407715433687,0.5042339308705557,-0.0005655790211999134,0.5099782113499058,0.0019094617503434552,0.004122813788270896,0.001076957227090114,0.5111112621967472,0.4792461115181489,0.5123131873296363,0.06314932754379357,16128,500,SOL,0.0027347173902401156,"[{""asset"":""BTC"",""ar_r2"":-0.004601398186081296,""car_r2"":-0.0011664859212630052,""own_r2"":-0.002140000208451065,""cross_r2"":-0.00046477305828940274,""cross_minus_own_r2"":0.0016752271501616622,""ar_hit"":0.5101515301574725,""car_hit"":0.5152025354065564,""own_hit"":0.5036149351292463,""cross_hit"":0.5140140635832425},{""asset"":""ETH"",""ar_r2"":-0.005327382610072151,""car_r2"":-0.001956448956846213,""own_r2"":-0.0018916664798338534,""cross_r2"":-0.000529583654318655,""cross_minus_own_r2"":0.0013620828255151984,""ar_hit"":0.5044072496781222,""car_hit"":0.5129246310785381,""own_hit"":0.5123303951668813,""cross_hit"":0.5119342378924433},{""asset"":""SOL"",""ar_r2"":-0.0047946226446666795,""car_r2"":-0.0012522793528255693,""own_r2"":-0.0030622339459289716,""cross_r2"":-0.00032751655568885596,""cross_minus_own_r2"":0.0027347173902401156,""ar_hit"":0.5029216598989799,""car_hit"":0.5042091710409032,""own_hit"":0.4977716153312865,""cross_hit"":0.5012379914826186},{""asset"":""XRP"",""ar_r2"":-0.004030167797063111,""car_r2"":-0.0021949307622253222,""own_r2"":-0.0028062624519595847,""cross_r2"":-0.0009404428165027401,""cross_minus_own_r2"":0.0018658196354568446,""ar_hit"":0.5088640190155491,""car_hit"":0.5120332772110527,""own_hit"":0.5032187778548084,""cross_hit"":0.5127265524413191}]",0.5111112621967472,0.49517868685744804,0.4792461115181489,0.44738096083955076,6000,200,10,600
300,distance,ccz,2,300s_distance_ccz_h2,-0.004688392809470809,0.506586114687531,-0.0016425362482900274,0.5110924036842626,-0.0020808753692289628,0.5041844112112508,-0.0005619161677714035,0.5102010498167773,0.0015189592014575592,0.004126476641699406,0.001080620080518624,0.5313390613379106,0.46706580532366937,0.5114048373032264,0.1273746651094754,16128,500,SOL,0.0021550455422221226,"[{""asset"":""BTC"",""ar_r2"":-0.004601398186081296,""car_r2"":-0.0011664859212630052,""own_r2"":-0.0018947144293475215,""cross_r2"":-0.0006852736163389661,""cross_minus_own_r2"":0.0012094408130085554,""ar_hit"":0.5101515301574725,""car_hit"":0.5152025354065564,""own_hit"":0.5070813112805784,""cross_hit"":0.5129246310785381},{""asset"":""ETH"",""ar_r2"":-0.005327382610072151,""car_r2"":-0.001956448956846213,""own_r2"":-0.0016789224096462885,""cross_r2"":-0.0007332122694214682,""cross_minus_own_r2"":0.0009457101402248203,""ar_hit"":0.5044072496781222,""car_hit"":0.5129246310785381,""own_hit"":0.5142121422204615,""cross_hit"":0.5126275131227097},{""asset"":""SOL"",""ar_r2"":-0.0047946226446666795,""car_r2"":-0.0012522793528255693,""own_r2"":-0.0023936021045245504,""cross_r2"":-0.00023855656230242772,""cross_minus_own_r2"":0.0021550455422221226,""ar_hit"":0.5029216598989799,""car_hit"":0.5042091710409032,""own_hit"":0.49262157076359314,""cross_hit"":0.5031197385361988},{""asset"":""XRP"",""ar_r2"":-0.004030167797063111,""car_r2"":-0.0021949307622253222,""own_r2"":-0.0023562625333974907,""cross_r2"":-0.000590622223022752,""cross_minus_own_r2"":0.0017656403103747387,""ar_hit"":0.5088640190155491,""car_hit"":0.5120332772110527,""own_hit"":0.5028226205803704,""cross_hit"":0.5121323165296623}]",0.5313390613379106,0.49920243333079,0.46706580532366937,0.402792549309428,6000,200,10,600
300,pca,ccz,5,300s_pca_ccz_h5,-0.007086147392999398,0.509882108183079,-0.005816504934997524,0.5132752129978204,-0.003463254865124943,0.5072072518327719,-0.002123068703400788,0.5153061224489797,0.001340186161724155,0.00496307868959861,0.003693436231596736,0.996794634156405,0.9369566091225099,0.5157924159135376,0.11862032913845771,16128,500,SOL,0.0031341793763979275,"[{""asset"":""BTC"",""ar_r2"":-0.007853548160790869,""car_r2"":-0.006750781061861888,""own_r2"":-0.0025517556754304227,""cross_r2"":-0.002092782096934309,""cross_minus_own_r2"":0.00045897357849611353,""ar_hit"":0.5150584505646919,""car_hit"":0.5136714880126808,""own_hit"":0.5068357440063403,""cross_hit"":0.5139686942738261},{""asset"":""ETH"",""ar_r2"":-0.006663854200240182,""car_r2"":-0.008107796854439187,""own_r2"":-0.002869212363915574,""cross_r2"":-0.003368261134548467,""cross_minus_own_r2"":-0.0004990487706328928,""ar_hit"":0.516544481870418,""car_hit"":0.5159500693481276,""own_hit"":0.5153556568258372,""cross_hit"":0.5197146819893006},{""asset"":""SOL"",""ar_r2"":-0.006464976372560827,""car_r2"":-0.004353940589232996,""own_r2"":-0.004582597151764789,""cross_r2"":-0.0014484177753668614,""cross_minus_own_r2"":0.0031341793763979275,""ar_hit"":0.501287893798296,""car_hit"":0.5059441252229047,""own_hit"":0.49900931246284924,""cross_hit"":0.5053497127006142},{""asset"":""XRP"",""ar_r2"":-0.007362210838405714,""car_r2"":-0.004053501234456025,""own_r2"":-0.0038494542693889855,""cross_r2"":-0.0015828138067535136,""cross_minus_own_r2"":0.002266640462635472,""ar_hit"":0.5066376064989102,""car_hit"":0.5175351694075688,""own_hit"":0.507628294036061,""cross_hit"":0.5221914008321775}]",0.996794634156405,0.9668756216394575,0.9369566091225099,0.877118584088615,6000,200,10,1500
300,pca,ccz,10,300s_pca_ccz_h10,-0.009647976359984822,0.5141242937853107,-0.009760331490237029,0.5157845177916542,-0.004681000716634187,0.5050054514818119,-0.005092725307631385,0.5182872435325602,-0.0004117245909971978,0.004555251052353437,0.004667606182605644,2.335106999379254,2.2704116057753745,0.5191351755839435,0.12831295835755735,16128,500,SOL,0.002903620451448763,"[{""asset"":""BTC"",""ar_r2"":-0.013510909333849908,""car_r2"":-0.009668843213323619,""own_r2"":-0.0031995188358582283,""cross_r2"":-0.006878017834451189,""cross_minus_own_r2"":-0.0036784989985929606,""ar_hit"":0.5244325503023094,""car_hit"":0.5257210823669343,""own_hit"":0.5075825156110616,""cross_hit"":0.5255228466646843},{""asset"":""ETH"",""ar_r2"":-0.00869635326278173,""car_r2"":-0.013633934815030502,""own_r2"":-0.003946288776158768,""cross_r2"":-0.0066845141298033095,""cross_minus_own_r2"":-0.002738225353644541,""ar_hit"":0.5272078501338091,""car_hit"":0.52046783625731,""own_hit"":0.5154128258499355,""cross_hit"":0.5183863613836852},{""asset"":""SOL"",""ar_r2"":-0.008681966929571017,""car_r2"":-0.006287052002678539,""own_r2"":-0.005761810515356958,""cross_r2"":-0.0028581900639081947,""cross_minus_own_r2"":0.002903620451448763,""ar_hit"":0.495886609178313,""car_hit"":0.5052036871840618,""own_hit"":0.49568837347606304,""cross_hit"":0.5060957478441868},{""asset"":""XRP"",""ar_r2"":-0.007702675913736634,""car_r2"":-0.009451495929915454,""own_r2"":-0.005816384739162794,""cross_r2"":-0.003950179202362847,""cross_minus_own_r2"":0.0018662055367999475,""ar_hit"":0.5089701655268114,""car_hit"":0.511745465358311,""own_hit"":0.5013380909901873,""cross_hit"":0.5231440182376846}]",2.335106999379254,2.3027593025773143,2.2704116057753745,2.2057162121714935,6000,200,10,3000
300,pca,ccz,20,300s_pca_ccz_h20,-0.013519357627655604,0.5312034924099613,-0.015185654766138035,0.5258706220855244,-0.008653653589882015,0.521728346066078,-0.009127449942095966,0.5294176009524755,-0.000473796352213951,0.004391907685559637,0.006058204824042068,5.384718979914668,5.320721535322865,0.5294589074739536,0.1270546845181711,16128,500,SOL,0.006181901383578214,"[{""asset"":""BTC"",""ar_r2"":-0.01812603954347769,""car_r2"":-0.013693189557806296,""own_r2"":-0.008084515514042545,""cross_r2"":-0.012413789314804413,""cross_minus_own_r2"":-0.004329273800761868,""ar_hit"":0.5412243278102986,""car_hit"":0.5342791943645203,""own_hit"":0.5249528723087608,""cross_hit"":0.532592519099117},{""asset"":""ETH"",""ar_r2"":-0.012041767855332175,""car_r2"":-0.019436452894570966,""own_r2"":-0.0067642938495859894,""cross_r2"":-0.011894036310216682,""cross_minus_own_r2"":-0.005129742460630693,""ar_hit"":0.5341799781724378,""car_hit"":0.5323940867149519,""own_hit"":0.5304097628733009,""cross_hit"":0.531699573370374},{""asset"":""SOL"",""ar_r2"":-0.013527297255262694,""car_r2"":-0.012073649197738012,""own_r2"":-0.00973452367052885,""cross_r2"":-0.003552622286950635,""cross_minus_own_r2"":0.006181901383578214,""ar_hit"":0.5158249826371664,""car_hit"":0.5123524159142772,""own_hit"":0.5124516321063598,""cross_hit"":0.5156265502530013},{""asset"":""XRP"",""ar_r2"":-0.010382325856549857,""car_r2"":-0.015539327414436865,""own_r2"":-0.010031281325370678,""cross_r2"":-0.008649351856412135,""cross_minus_own_r2"":0.0013819294689585426,""ar_hit"":0.5335846810199425,""car_hit"":0.5244567913483481,""own_hit"":0.5190991169758905,""cross_hit"":0.5377517610874095}]",5.384718979914668,5.352720257618767,5.320721535322865,5.256724090731064,6000,200,10,6000
60,pca,ccz,5,60s_pca_ccz_h5,-0.004674610729367312,0.5081628823419028,-0.000957400374239914,0.5071777068868456,-0.00448849421746178,0.5016386081548401,-0.003090855363295786,0.5000301584322977,0.0013976388541659945,0.0015837553660715264,-0.002133454989055872,-0.19787923283636072,-1.3037294680754528,0.5015609503200793,0.2964706197608858,80640,500,ETH,0.0017609381761098941,"[{""asset"":""BTC"",""ar_r2"":-0.004266221748958188,""car_r2"":9.165210383965672e-06,""own_r2"":-0.0038263091972194907,""cross_r2"":-0.002086114956430407,""cross_minus_own_r2"":0.0017401942407890836,""ar_hit"":0.5090475296893011,""car_hit"":0.5124922928450795,""own_hit"":0.5039541055679168,""cross_hit"":0.49912875640028953},{""asset"":""ETH"",""ar_r2"":-0.0058397743675813185,""car_r2"":-0.0014460020564581733,""own_r2"":-0.005092606202323324,""cross_r2"":-0.00333166802621343,""cross_minus_own_r2"":0.0017609381761098941,""ar_hit"":0.5103879044580865,""car_hit"":0.5065544326193604,""own_hit"":0.5028013832667614,""cross_hit"":0.5042757955124253},{""asset"":""SOL"",""ar_r2"":-0.0038954334279586167,""car_r2"":-0.0010459577419765775,""own_r2"":-0.003804657282417301,""cross_r2"":-0.003449018988181729,""cross_minus_own_r2"":0.0003556382942355718,""ar_hit"":0.5048387529153151,""car_hit"":0.5056295740288985,""own_hit"":0.5002814787014449,""cross_hit"":0.49903493016647454},{""asset"":""XRP"",""ar_r2"":-0.004697013372971126,""car_r2"":-0.0013468069089088708,""own_r2"":-0.0052304041878870056,""cross_r2"":-0.003496619482357577,""cross_minus_own_r2"":0.0017337847055294286,""ar_hit"":0.5083773423049085,""car_hit"":0.5040345280540439,""own_hit"":0.4995174650832373,""cross_hit"":0.4976811516500013}]",-0.19787923283636072,-0.7508043504559069,-1.3037294680754528,-2.409579703314545,6000,200,10,300
60,best,low,5,60s_best_low_h5,-0.001181282177378895,0.5101094690016481,-0.0006169188138420989,0.5068769847118567,-0.001145008894609445,0.5039694237133707,-0.0008699719840368769,0.5029846046654964,0.00027503691057256807,0.00031131019334201815,-0.000253053170194778,0.23876332465889638,-0.41938396055345806,0.505696599982058,0.17638079144888102,80640,500,BTC,0.000369074001292935,"[{""asset"":""BTC"",""ar_r2"":-0.000261071562472015,""car_r2"":0.00014451422539984993,""own_r2"":-0.0009387498271222761,""cross_r2"":-0.0005696758258293411,""cross_minus_own_r2"":0.000369074001292935,""ar_hit"":0.5152278482708721,""car_hit"":0.5092117427947422,""own_hit"":0.5071349135101094,""cross_hit"":0.5037181943644232},{""asset"":""ETH"",""ar_r2"":-0.001392225948007031,""car_r2"":-0.0008171846095921254,""own_r2"":-0.0011713539166517961,""cross_r2"":-0.0009675226945329296,""cross_minus_own_r2"":0.0002038312221188665,""ar_hit"":0.5138075650181555,""car_hit"":0.510457840365522,""own_hit"":0.5060228049254352,""cross_hit"":0.506170192810151},{""asset"":""SOL"",""ar_r2"":-0.0012250545760323917,""car_r2"":-0.0006908580375784013,""own_r2"":-0.0012824046345412121,""cross_r2"":-0.0010764687124458217,""cross_minus_own_r2"":0.00020593592209539047,""ar_hit"":0.5053260621976874,""car_hit"":0.502860664853349,""own_hit"":0.5005694531909477,""cross_hit"":0.4990687765465679},{""asset"":""XRP"",""ar_r2"":-0.0018467766230041427,""car_r2"":-0.001104146833597719,""own_r2"":-0.0011875272001224957,""cross_r2"":-0.0008662207033394154,""cross_minus_own_r2"":0.0003213064967830803,""ar_hit"":0.5060764005198772,""car_hit"":0.5049776908338135,""own_hit"":0.5021505232269907,""cross_hit"":0.5029812549408439}]",0.23876332465889638,-0.09031031794728073,-0.41938396055345806,-1.0775312457658128,6000,200,10,300
5,pca,ccz,1,5s_pca_ccz_h1,-0.0022614962459988064,0.29402797275516035,0.0006498737611491667,0.3109361514064368,0.002558797673146568,0.3133928664274944,0.005818085840672255,0.324857016586076,0.003259288167525687,0.008079582086671061,0.005168212079523088,12.000303662363002,-37.472067763511475,0.37020986809572176,1.0289113222836799,967680,4838,SOL,0.007410357083745378,"[{""asset"":""BTC"",""ar_r2"":-0.0017321327295725109,""car_r2"":0.0036201659096128935,""own_r2"":0.007622817477801913,""cross_r2"":0.008619988669971934,""cross_minus_own_r2"":0.000997171192170021,""ar_hit"":0.2972671970051474,""car_hit"":0.31940414911870224,""own_hit"":0.33312327769978684,""cross_hit"":0.33478084542193104},{""asset"":""ETH"",""ar_r2"":-0.0032790727796054853,""car_r2"":-0.003978168363364398,""own_r2"":0.0027439434220221104,""cross_r2"":0.0017540284680095386,""cross_minus_own_r2"":-0.0009899149540125718,""ar_hit"":0.3386159205532158,""car_hit"":0.35145427130452866,""own_hit"":0.36789476420735195,""cross_hit"":0.36717620755992303},{""asset"":""SOL"",""ar_r2"":-0.0018613629198880322,""car_r2"":0.0032083042984563104,""own_r2"":-0.00043247097499787834,""cross_r2"":0.0069778861087475,""cross_minus_own_r2"":0.007410357083745378,""ar_hit"":0.26287838610721154,""car_hit"":0.2815795767690948,""own_hit"":0.26736858524411167,""cross_hit"":0.293095200956689},{""asset"":""XRP"",""ar_r2"":-0.0021734165549291973,""car_r2"":-0.0002508068001081387,""own_r2"":0.0003009007677601261,""cross_r2"":0.005920440115960046,""cross_minus_own_r2"":0.00561953934819992,""ar_hit"":0.2773503873550668,""car_hit"":0.2913066084334217,""own_hit"":0.28518483855872717,""cross_hit"":0.30437581240576095}]",12.000303662363002,-12.735882050574235,-37.472067763511475,-86.94443918938595,6000,200,10,5
300,pca,ccz,2,300s_pca_ccz_h2,-0.009157228128703176,0.5062991524776667,-0.004250293037467268,0.5110712376880202,-0.006072038880799657,0.5034740780331374,-0.0021611149291486664,0.5102695273726808,0.003910923951650991,0.00699611319955451,0.002089178108318601,0.6692561736826674,0.4804834123264368,0.5121598612137372,0.28837879828327323,16128,500,XRP,0.004925024165963299,"[{""asset"":""BTC"",""ar_r2"":-0.009830989530663858,""car_r2"":-0.003857884987524818,""own_r2"":-0.005502720790455884,""cross_r2"":-0.0027386940051019604,""cross_minus_own_r2"":0.0027640267853539235,""ar_hit"":0.511109414369703,""car_hit"":0.5198136977933878,""own_hit"":0.5061464457509354,""cross_hit"":0.5124837749102849},{""asset"":""ETH"",""ar_r2"":-0.008430110824162895,""car_r2"":-0.004794682706012798,""own_r2"":-0.00565210321072529,""cross_r2"":-0.0022657179216485357,""cross_minus_own_r2"":0.0033863852890767543,""ar_hit"":0.5085134000152707,""car_hit"":0.5112621210964343,""own_hit"":0.5039321982133314,""cross_hit"":0.5140871955409636},{""asset"":""SOL"",""ar_r2"":-0.008599377322810353,""car_r2"":-0.004211733341942692,""own_r2"":-0.006523096929047512,""cross_r2"":-0.001954837362837525,""cross_minus_own_r2"":0.004568259566209987,""ar_hit"":0.501794304039093,""car_hit"":0.5050011453004505,""own_hit"":0.5014888905856303,""cross_hit"":0.5049247919370848},{""asset"":""XRP"",""ar_r2"":-0.009768434837175599,""car_r2"":-0.004136871114388763,""own_r2"":-0.0066102345929699435,""cross_r2"":-0.0016852104270066448,""cross_minus_own_r2"":0.004925024165963299,""ar_hit"":0.5037794914866,""car_hit"":0.5082079865618081,""own_hit"":0.5023287775826525,""cross_hit"":0.5095823471023898}]",0.6692561736826674,0.5748697930045521,0.4804834123264368,0.29171065097020615,3000,200,20,600
300,best,ccz,2,300s_best_ccz_h2,-0.009157228128703176,0.5062991524776667,-0.004250293037467268,0.5110712376880202,-0.005833218898001258,0.5032450179430403,-0.0014131510550468018,0.5072726578605788,0.004420067842954456,0.007744077073656375,0.0028371419824204658,0.6229364756479776,0.4688395745077375,0.5097111399764953,0.2354062040028109,16128,500,XRP,0.006669016962915109,"[{""asset"":""BTC"",""ar_r2"":-0.009830989530663858,""car_r2"":-0.003857884987524818,""own_r2"":-0.005510272319382947,""cross_r2"":-0.001848230740878476,""cross_minus_own_r2"":0.0036620415785044713,""ar_hit"":0.511109414369703,""car_hit"":0.5198136977933878,""own_hit"":0.5031686645796747,""cross_hit"":0.5150797892647171},{""asset"":""ETH"",""ar_r2"":-0.008430110824162895,""car_r2"":-0.004794682706012798,""own_r2"":-0.005230627646028774,""cross_r2"":-0.0015978375623157959,""cross_minus_own_r2"":0.003632790083712978,""ar_hit"":0.5085134000152707,""car_hit"":0.5112621210964343,""own_hit"":0.5022524242192868,""cross_hit"":0.5090478735588303},{""asset"":""SOL"",""ar_r2"":-0.008599377322810353,""car_r2"":-0.004211733341942692,""own_r2"":-0.004670302802978199,""cross_r2"":-0.0009538800562929328,""cross_minus_own_r2"":0.003716422746685266,""ar_hit"":0.501794304039093,""car_hit"":0.5050011453004505,""own_hit"":0.5029396044895778,""cross_hit"":0.5023287775826525},{""asset"":""XRP"",""ar_r2"":-0.009768434837175599,""car_r2"":-0.004136871114388763,""own_r2"":-0.007921672823615111,""cross_r2"":-0.0012526558607000027,""cross_minus_own_r2"":0.006669016962915109,""ar_hit"":0.5037794914866,""car_hit"":0.5082079865618081,""own_hit"":0.5046193784836221,""cross_hit"":0.5026341910361152}]",0.6229364756479776,0.5458880250778575,0.4688395745077375,0.31474267336749745,3000,200,20,600
300,sum,ccz,2,300s_sum_ccz_h2,-0.009157228128703176,0.5062991524776667,-0.004250293037467268,0.5110712376880202,-0.0059793280892910805,0.5032068412613576,-0.0016577954587094768,0.5096205237840727,0.004321532630581604,0.0074994326699937,0.002592497578757791,0.7042785113641629,0.5684007119692349,0.5117260942705413,0.20757378459353484,16128,500,XRP,0.005793306506437501,"[{""asset"":""BTC"",""ar_r2"":-0.009830989530663858,""car_r2"":-0.003857884987524818,""own_r2"":-0.005333676722570235,""cross_r2"":-0.0020428432061514457,""cross_minus_own_r2"":0.0032908335164187896,""ar_hit"":0.511109414369703,""car_hit"":0.5198136977933878,""own_hit"":0.5028632511262121,""cross_hit"":0.5153852027181798},{""asset"":""ETH"",""ar_r2"":-0.008430110824162895,""car_r2"":-0.004794682706012798,""own_r2"":-0.0054982798584195525,""cross_r2"":-0.001997137683549477,""cross_minus_own_r2"":0.0035011421748700755,""ar_hit"":0.5085134000152707,""car_hit"":0.5112621210964343,""own_hit"":0.5056119722073757,""cross_hit"":0.511109414369703},{""asset"":""SOL"",""ar_r2"":-0.008599377322810353,""car_r2"":-0.004211733341942692,""own_r2"":-0.006085146392793783,""cross_r2"":-0.0013842980681937345,""cross_minus_own_r2"":0.004700848324600049,""ar_hit"":0.501794304039093,""car_hit"":0.5050011453004505,""own_hit"":0.503550431396503,""cross_hit"":0.5032450179430404},{""asset"":""XRP"",""ar_r2"":-0.009768434837175599,""car_r2"":-0.004136871114388763,""own_r2"":-0.007000209383380751,""cross_r2"":-0.00120690287694325,""cross_minus_own_r2"":0.005793306506437501,""ar_hit"":0.5037794914866,""car_hit"":0.5082079865618081,""own_hit"":0.5008017103153394,""cross_hit"":0.5087424601053676}]",0.7042785113641629,0.636339611666699,0.5684007119692349,0.432522912574307,3000,200,20,600
300,distance,ccz,2,300s_distance_ccz_h2,-0.009157228128703176,0.5062991524776667,-0.004250293037467268,0.5110712376880202,-0.005980536091389821,0.5022524242192868,-0.0015650060828734658,0.5099068488966938,0.004415530008516355,0.007592222045829711,0.002685286954593802,0.7515879212424581,0.6267471722476392,0.5118082593987362,0.1907130293229742,16128,500,XRP,0.006003849791765381,"[{""asset"":""BTC"",""ar_r2"":-0.009830989530663858,""car_r2"":-0.003857884987524818,""own_r2"":-0.0054758515301447375,""cross_r2"":-0.001987772005616506,""cross_minus_own_r2"":0.0034880795245282314,""ar_hit"":0.511109414369703,""car_hit"":0.5198136977933878,""own_hit"":0.5041612583034283,""cross_hit"":0.5152324959914484},{""asset"":""ETH"",""ar_r2"":-0.008430110824162895,""car_r2"":-0.004794682706012798,""own_r2"":-0.0052611460884233185,""cross_r2"":-0.001590524811395655,""cross_minus_own_r2"":0.0036706212770276636,""ar_hit"":0.5085134000152707,""car_hit"":0.5112621210964343,""own_hit"":0.5014125372222646,""cross_hit"":0.5124074215469191},{""asset"":""SOL"",""ar_r2"":-0.008599377322810353,""car_r2"":-0.004211733341942692,""own_r2"":-0.005763625182128029,""cross_r2"":-0.0012640557413838849,""cross_minus_own_r2"":0.0044995694407441444,""ar_hit"":0.501794304039093,""car_hit"":0.5050011453004505,""own_hit"":0.5016415973123616,""cross_hit"":0.5036267847598687},{""asset"":""XRP"",""ar_r2"":-0.009768434837175599,""car_r2"":-0.004136871114388763,""own_r2"":-0.007421521564863198,""cross_r2"":-0.0014176717730978172,""cross_minus_own_r2"":0.006003849791765381,""ar_hit"":0.5037794914866,""car_hit"":0.5082079865618081,""own_hit"":0.501794304039093,""cross_hit"":0.5083606932885394}]",0.7515879212424581,0.6891675467450488,0.6267471722476392,0.5019064232528204,3000,200,20,600
300,pca,ccz,5,300s_pca_ccz_h5,-0.014584509324260642,0.5044295096990988,-0.008542347243880755,0.5041049335573545,-0.010709250207754872,0.5037421719871696,-0.0062445954386518565,0.5121429662440813,0.004464654769103016,0.008339913885608785,0.002297751805228898,1.1469450323808648,1.060938470389214,0.5120353127801918,0.13141807929047444,16128,500,SOL,0.0076972423679735336,"[{""asset"":""BTC"",""ar_r2"":-0.0172599609731392,""car_r2"":-0.008141900083744824,""own_r2"":-0.009801360058717234,""cross_r2"":-0.005575692033973567,""cross_minus_own_r2"":0.004225668024743667,""ar_hit"":0.510844661677104,""car_hit"":0.5012219337100963,""own_hit"":0.49221017259813654,""cross_hit"":0.5143577210936306},{""asset"":""ETH"",""ar_r2"":-0.011682771540184378,""car_r2"":-0.01052814267385993,""own_r2"":-0.010409304464811031,""cross_r2"":-0.005371175732628242,""cross_minus_own_r2"":0.0050381287321827894,""ar_hit"":0.505727814266076,""car_hit"":0.5063387811211242,""own_hit"":0.5129830456697724,""cross_hit"":0.5166488468000611},{""asset"":""SOL"",""ar_r2"":-0.012866268616251064,""car_r2"":-0.007468004835688102,""own_r2"":-0.012428665830066965,""cross_r2"":-0.0047314234620934315,""cross_minus_own_r2"":0.0076972423679735336,""ar_hit"":0.5028257217045975,""car_hit"":0.5021383839926684,""own_hit"":0.5016801588513823,""cross_hit"":0.5016037879945013},{""asset"":""XRP"",""ar_r2"":-0.016529036167467925,""car_r2"":-0.008031341382230162,""own_r2"":-0.010197670477424259,""cross_r2"":-0.009300090525912186,""cross_minus_own_r2"":0.000897579951512073,""ar_hit"":0.4983198411486177,""car_hit"":0.5067206354055293,""own_hit"":0.5080953108293875,""cross_hit"":0.515961509088132}]",1.1469450323808648,1.1039417513850391,1.060938470389214,0.9749319083975627,3000,200,20,1500
300,pca,ccz,10,300s_pca_ccz_h10,-0.01876742457660635,0.5057109022843609,-0.013687512501089572,0.5037436014974406,-0.016568729535541282,0.5007831003132401,-0.011287064213364284,0.5112881045152418,0.005281665322176998,0.007480360363242067,0.0024004482877252875,2.3660920288042626,2.308952572907086,0.5139097591682573,0.08734248837844161,16128,500,SOL,0.0096306813033884,"[{""asset"":""BTC"",""ar_r2"":-0.023882674017986272,""car_r2"":-0.014897798019204656,""own_r2"":-0.013527732279386084,""cross_r2"":-0.008892677268492077,""cross_minus_own_r2"":0.004635055010894007,""ar_hit"":0.5123386049354419,""car_hit"":0.5044694017877607,""own_hit"":0.4893421957368783,""cross_hit"":0.5163114065245626},{""asset"":""ETH"",""ar_r2"":-0.014558893194493994,""car_r2"":-0.014963331996208362,""own_r2"":-0.016303826591453463,""cross_r2"":-0.010405084989172586,""cross_minus_own_r2"":0.005898741602280877,""ar_hit"":0.5128734051493621,""car_hit"":0.5050042020016808,""own_hit"":0.5119566047826419,""cross_hit"":0.5173810069524027},{""asset"":""SOL"",""ar_r2"":-0.015861170065195385,""car_r2"":-0.01223569651371692,""own_r2"":-0.018985993795620493,""cross_r2"":-0.009355312492232093,""cross_minus_own_r2"":0.0096306813033884,""ar_hit"":0.5033234013293605,""car_hit"":0.5011842004736802,""own_hit"":0.505997402398961,""cross_hit"":0.4988157995263198},{""asset"":""XRP"",""ar_r2"":-0.020766961028749753,""car_r2"":-0.012653223475228348,""own_r2"":-0.01745736547570509,""cross_r2"":-0.01649518210356038,""cross_minus_own_r2"":0.0009621833721447093,""ar_hit"":0.4943081977232791,""car_hit"":0.5043166017266407,""own_hit"":0.49583619833447934,""cross_hit"":0.512644205057682}]",2.3660920288042626,2.3375223008556745,2.308952572907086,2.2518131170099096,3000,200,20,3000
300,pca,ccz,20,300s_pca_ccz_h20,-0.023300089103823363,0.5167826286413335,-0.015545157919549635,0.5160371588041899,-0.023126990646578083,0.5113349644468231,-0.017500444946026428,0.520509977827051,0.005626545700551655,0.005799644157796935,-0.001955287026476793,4.606615365810184,4.566081041817414,0.5209928497671791,0.06200753249620553,16128,500,SOL,0.010600679030870142,"[{""asset"":""BTC"",""ar_r2"":-0.027776784735583204,""car_r2"":-0.020231543632371674,""own_r2"":-0.01840880080273255,""cross_r2"":-0.015548393889074807,""cross_minus_own_r2"":0.0028604069136577426,""ar_hit"":0.5345209878431073,""car_hit"":0.5174707546448505,""own_hit"":0.5015673981191222,""cross_hit"":0.5232051380074929},{""asset"":""ETH"",""ar_r2"":-0.01880391741663967,""car_r2"":-0.013758691466437156,""own_r2"":-0.022017604096577825,""cross_r2"":-0.01736341611720471,""cross_minus_own_r2"":0.0046541879793731145,""ar_hit"":0.5271045186940898,""car_hit"":0.5235109717868338,""own_hit"":0.5245813900145271,""cross_hit"":0.5302393149323342},{""asset"":""SOL"",""ar_r2"":-0.022421316654032353,""car_r2"":-0.01706004961424923,""own_r2"":-0.02619319982601742,""cross_r2"":-0.01559252079514728,""cross_minus_own_r2"":0.010600679030870142,""ar_hit"":0.5001146876672529,""car_hit"":0.5096719932716569,""own_hit"":0.5118892881718786,""cross_hit"":0.4997323954430767},{""asset"":""XRP"",""ar_r2"":-0.024198337609038223,""car_r2"":-0.01113034696514048,""own_r2"":-0.025888357860984534,""cross_r2"":-0.021497448982678913,""cross_minus_own_r2"":0.004390908878305622,""ar_hit"":0.5053903203608838,""car_hit"":0.5134949155134184,""own_hit"":0.5073017814817646,""cross_hit"":0.5288630629253}]",4.606615365810184,4.586348203813799,4.566081041817414,4.5255467178246445,3000,200,20,6000
60,pca,ccz,5,60s_pca_ccz_h5,-0.008222604684411383,0.5077571321805016,-0.0031431341726171347,0.5063332732005257,-0.007393239335104496,0.5013078885653172,-0.007691759727867953,0.5045067391696518,-0.0002985203927634572,0.0005308449565434303,-0.004548625555250818,1.5608377801328803,-0.08157391592766172,0.505100541731705,0.4232965286685845,80640,500,XRP,0.005375102916093777,"[{""asset"":""BTC"",""ar_r2"":-0.00839814206468037,""car_r2"":-0.0019090691304040064,""own_r2"":-0.007296565181295067,""cross_r2"":-0.007674240849532055,""cross_minus_own_r2"":-0.0003776756682369875,""ar_hit"":0.5078086745870165,""car_hit"":0.5089297219287169,""own_hit"":0.5030667731876401,""cross_hit"":0.5067649408550885},{""asset"":""ETH"",""ar_r2"":-0.009427451571930368,""car_r2"":-0.004872951087183663,""own_r2"":-0.007803651819075386,""cross_r2"":-0.0040665533102570706,""cross_minus_own_r2"":0.003737098508818315,""ar_hit"":0.5074092209365255,""car_hit"":0.5063010591964539,""own_hit"":0.5033631420251011,""cross_hit"":0.5056567791150168},{""asset"":""SOL"",""ar_r2"":-0.007301982354334324,""car_r2"":-0.0037742808242402504,""own_r2"":-0.006477976257518225,""cross_r2"":-0.01640658358524716,""cross_minus_own_r2"":-0.009928607327728933,""ar_hit"":0.5063783728062263,""car_hit"":0.508130814627735,""own_hit"":0.5007473648944669,""cross_hit"":0.5044326469602866},{""asset"":""XRP"",""ar_r2"":-0.007762842746700471,""car_r2"":-0.0020162356486406185,""own_r2"":-0.007994764082529304,""cross_r2"":-0.0026196611664355274,""cross_minus_own_r2"":0.005375102916093777,""ar_hit"":0.5094322603922378,""car_hit"":0.5019714970491972,""own_hit"":0.49805427415406023,""cross_hit"":0.5011725897482153}]",1.5608377801328803,0.739631932102609,-0.08157391592766172,-1.723985611988203,3000,200,20,300
60,best,low,5,60s_best_low_h5,-0.002316807746713001,0.507567658083547,-0.0013660978970370663,0.5060090425463398,-0.002133200592211504,0.5051910914173097,-0.002764924468880936,0.5041670423660041,-0.0006317238766694322,-0.00044811672216793497,-0.0013988265718438697,1.2581378523777733,-0.23649409056160742,0.5055831905715288,0.38507547352485727,80640,500,XRP,0.0010683675433531548,"[{""asset"":""BTC"",""ar_r2"":-0.001226811896247737,""car_r2"":-0.0006598292533863681,""own_r2"":-0.001682048475082798,""cross_r2"":-0.001144153615142196,""cross_minus_own_r2"":0.0005378948599406019,""ar_hit"":0.5106462457975346,""car_hit"":0.5092164414617495,""own_hit"":0.5079540916878131,""cross_hit"":0.5083276441719372},{""asset"":""ETH"",""ar_r2"":-0.0029324250127953366,""car_r2"":-0.00207017631894324,""own_r2"":-0.0024523751148703976,""cross_r2"":-0.00392433687337812,""cross_minus_own_r2"":-0.0014719617585077227,""ar_hit"":0.5104659101155437,""car_hit"":0.5077351126453956,""own_hit"":0.503845014362449,""cross_hit"":0.5042314479667152},{""asset"":""SOL"",""ar_r2"":-0.0022540723710788857,""car_r2"":-0.0013189180912813736,""own_r2"":-0.002077062839573429,""cross_r2"":-0.004738258991037192,""cross_minus_own_r2"":-0.0026611961514637628,""ar_hit"":0.5044633081292749,""car_hit"":0.5038965388430178,""own_hit"":0.5051202452565275,""cross_hit"":0.5020158953022554},{""asset"":""XRP"",""ar_r2"":-0.002853921706730045,""car_r2"":-0.0014154679245372837,""own_r2"":-0.0023213159393193905,""cross_r2"":-0.0012529483959662358,""cross_minus_own_r2"":0.0010683675433531548,""ar_hit"":0.5046951682918347,""car_hit"":0.5031880772351963,""own_hit"":0.503845014362449,""cross_hit"":0.5020931820231087}]",1.2581378523777733,0.5108218809080833,-0.23649409056160742,-1.7311260335009886,3000,200,20,300
5,pca,ccz,1,5s_pca_ccz_h1,-0.0032407865351528065,0.29233867205722286,0.0012903536680171634,0.30695303996268075,0.0012620941056815937,0.30960426061265744,0.00449640920534794,0.3219799927434821,0.003234315099666346,0.007737195740500746,0.0032060555373307764,11.328305156024669,-37.4493596616025,0.3660569469037519,1.0113080940164967,967680,4838,SOL,0.00757304595735897,"[{""asset"":""BTC"",""ar_r2"":-0.002727059611442817,""car_r2"":0.0008753355490255244,""own_r2"":0.0067156787790233485,""cross_r2"":0.006676626448790524,""cross_minus_own_r2"":-3.905233023282495e-05,""ar_hit"":0.2951288031928679,""car_hit"":0.3166112061369409,""own_hit"":0.3299849686414762,""cross_hit"":0.3313626703985902},{""asset"":""ETH"",""ar_r2"":-0.0035408785288666422,""car_r2"":0.00045673160283610237,""own_r2"":0.0017275066670827677,""cross_r2"":0.0011797665787766087,""cross_minus_own_r2"":-0.0005477400883061589,""ar_hit"":0.3373938734255948,""car_hit"":0.3479116778106049,""own_hit"":0.36409267610013996,""cross_hit"":0.36423158658580834},{""asset"":""SOL"",""ar_r2"":-0.003365556292027394,""car_r2"":0.0023869222832209047,""own_r2"":-0.001970828211711906,""cross_r2"":0.0056022177456470645,""cross_minus_own_r2"":0.00757304595735897,""ar_hit"":0.26171668480796145,""car_hit"":0.27772974654019594,""own_hit"":0.2639081532161924,""cross_hit"":0.2907075104960348},{""asset"":""XRP"",""ar_r2"":-0.0033296517082743726,""car_r2"":0.0014424252369861223,""own_r2"":-0.0014239808116678354,""cross_r2"":0.004527026048177563,""cross_minus_own_r2"":0.005951006859845398,""ar_hit"":0.2751153268024672,""car_hit"":0.2855595293629814,""own_hit"":0.28043124449282125,""cross_hit"":0.30161820349349505}]",11.328305156024669,-13.060527252788916,-37.4493596616025,-86.22702447922967,3000,200,20,5
300,pca,ccz,2,300s_pca_ccz_h2,-0.004688392809470809,0.506586114687531,-0.0016425362482900274,0.5110924036842626,-0.0023177013539280034,0.5054471625235218,-0.0006625479488414077,0.5081707437852827,0.0016551534050865957,0.004025844860629402,0.0009799882994486198,0.5432262731830708,0.4752395597286598,0.5110997821754646,0.1347338752564622,16128,500,SOL,0.002800471125004478,"[{""asset"":""BTC"",""ar_r2"":-0.004601398186081296,""car_r2"":-0.0011664859212630052,""own_r2"":-0.0017855544274596458,""cross_r2"":-0.0006069484108131018,""cross_minus_own_r2"":0.001178606016646544,""ar_hit"":0.5101515301574725,""car_hit"":0.5152025354065564,""own_hit"":0.5073784292364069,""cross_hit"":0.5119342378924433},{""asset"":""ETH"",""ar_r2"":-0.005327382610072151,""car_r2"":-0.001956448956846213,""own_r2"":-0.0015166485651194606,""cross_r2"":-0.000710262355416047,""cross_minus_own_r2"":0.0008063862097034136,""ar_hit"":0.5044072496781222,""car_hit"":0.5129246310785381,""own_hit"":0.5162919679112608,""cross_hit"":0.5099534515202535},{""asset"":""SOL"",""ar_r2"":-0.0047946226446666795,""car_r2"":-0.0012522793528255693,""own_r2"":-0.0031113556731483527,""cross_r2"":-0.0003108845481438749,""cross_minus_own_r2"":0.002800471125004478,""ar_hit"":0.5029216598989799,""car_hit"":0.5042091710409032,""own_hit"":0.49608794691492525,""cross_hit"":0.4984648905615529},{""asset"":""XRP"",""ar_r2"":-0.004030167797063111,""car_r2"":-0.0021949307622253222,""own_r2"":-0.0028572467499845544,""cross_r2"":-0.001022096480992607,""cross_minus_own_r2"":0.0018351502689919474,""ar_hit"":0.5088640190155491,""car_hit"":0.5120332772110527,""own_hit"":0.5020303060314945,""cross_hit"":0.5123303951668813}]",0.5432262731830708,0.5092329164558653,0.4752395597286598,0.40725284627424907,6000,200,20,600
300,best,ccz,2,300s_best_ccz_h2,-0.004688392809470809,0.506586114687531,-0.0016425362482900274,0.5110924036842626,-0.0015252962408299764,0.503194018025156,-0.0004140062579285897,0.5110676438546102,0.0011112899829013867,0.00427438655154222,0.0012285299903614377,0.2790244796010939,0.14897963915074322,0.5130588344641696,0.257718669144571,16128,500,XRP,0.00141185369500052,"[{""asset"":""BTC"",""ar_r2"":-0.004601398186081296,""car_r2"":-0.0011664859212630052,""own_r2"":-0.0017786278197085004,""cross_r2"":-0.0004761993265678388,""cross_minus_own_r2"":0.0013024284931406616,""ar_hit"":0.5101515301574725,""car_hit"":0.5152025354065564,""own_hit"":0.5054966821828266,""cross_hit"":0.5127265524413191},{""asset"":""ETH"",""ar_r2"":-0.005327382610072151,""car_r2"":-0.001956448956846213,""own_r2"":-0.0018850468622035876,""cross_r2"":-0.0007967746693264832,""cross_minus_own_r2"":0.0010882721928771044,""ar_hit"":0.5044072496781222,""car_hit"":0.5129246310785381,""own_hit"":0.5125284738041003,""cross_hit"":0.5140140635832425},{""asset"":""SOL"",""ar_r2"":-0.0047946226446666795,""car_r2"":-0.0012522793528255693,""own_r2"":-0.0008156849595772897,""cross_r2"":-0.00017307940899002894,""cross_minus_own_r2"":0.0006426055505872608,""ar_hit"":0.5029216598989799,""car_hit"":0.5042091710409032,""own_hit"":0.4906407843914034,""cross_hit"":0.5031197385361988},{""asset"":""XRP"",""ar_r2"":-0.004030167797063111,""car_r2"":-0.0021949307622253222,""own_r2"":-0.0016218253218305279,""cross_r2"":-0.0002099716268300078,""cross_minus_own_r2"":0.00141185369500052,""ar_hit"":0.5088640190155491,""car_hit"":0.5120332772110527,""own_hit"":0.5041101317222938,""cross_hit"":0.5144102208576805}]",0.2790244796010939,0.21400205937591857,0.14897963915074322,0.018934798700392774,6000,200,20,600
300,sum,ccz,2,300s_sum_ccz_h2,-0.004688392809470809,0.506586114687531,-0.0016425362482900274,0.5110924036842626,-0.002272276370999471,0.5028969000693275,-0.0004663141090288647,0.5099286916906012,0.0018059622619706062,0.004222078700441945,0.0011762221392611627,0.5194242422665791,0.48250573928560986,0.5119621749408984,0.07316389809942385,16128,500,SOL,0.0028328703302977765,"[{""asset"":""BTC"",""ar_r2"":-0.004601398186081296,""car_r2"":-0.0011664859212630052,""own_r2"":-0.0019289628070202625,""cross_r2"":-0.00042960329848873435,""cross_minus_own_r2"":0.001499359508531528,""ar_hit"":0.5101515301574725,""car_hit"":0.5152025354065564,""own_hit"":0.5026245419431514,""cross_hit"":0.5122313558482717},{""asset"":""ETH"",""ar_r2"":-0.005327382610072151,""car_r2"":-0.001956448956846213,""own_r2"":-0.0015210541253352083,""cross_r2"":-0.000468099579046255,""cross_minus_own_r2"":0.0010529545462889534,""ar_hit"":0.5044072496781222,""car_hit"":0.5129246310785381,""own_hit"":0.5108448053877389,""cross_hit"":0.5128255917599287},{""asset"":""SOL"",""ar_r2"":-0.0047946226446666795,""car_r2"":-0.0012522793528255693,""own_r2"":-0.003104434186110394,""cross_r2"":-0.00027156385581261766,""cross_minus_own_r2"":0.0028328703302977765,""ar_hit"":0.5029216598989799,""car_hit"":0.5042091710409032,""own_hit"":0.49519659304743985,""cross_hit"":0.501733188075666},{""asset"":""XRP"",""ar_r2"":-0.004030167797063111,""car_r2"":-0.0021949307622253222,""own_r2"":-0.0025346543655320186,""cross_r2"":-0.0006959897027678519,""cross_minus_own_r2"":0.0018386646627641667,""ar_hit"":0.5088640190155491,""car_hit"":0.5120332772110527,""own_hit"":0.5029216598989799,""cross_hit"":0.5129246310785381}]",0.5194242422665791,0.5009649907760945,0.48250573928560986,0.44558723630464053,6000,200,20,600
300,distance,ccz,2,300s_distance_ccz_h2,-0.004688392809470809,0.506586114687531,-0.0016425362482900274,0.5110924036842626,-0.001971479274993637,0.5053976428642171,-0.0004741486136512485,0.5093592156085966,0.0014973306613423887,0.004214244195819561,0.001168387634638779,0.46653946739119956,0.3803593102297482,0.5116031312242345,0.17078905501674818,16128,500,SOL,0.0021493056919033027,"[{""asset"":""BTC"",""ar_r2"":-0.004601398186081296,""car_r2"":-0.0011664859212630052,""own_r2"":-0.0017867462604186368,""cross_r2"":-0.0005262747591894268,""cross_minus_own_r2"":0.00126047150122921,""ar_hit"":0.5101515301574725,""car_hit"":0.5152025354065564,""own_hit"":0.5071803505991879,""cross_hit"":0.5126275131227097},{""asset"":""ETH"",""ar_r2"":-0.005327382610072151,""car_r2"":-0.001956448956846213,""own_r2"":-0.001621970927343508,""cross_r2"":-0.0006303475958855387,""cross_minus_own_r2"":0.0009916233314579692,""ar_hit"":0.5044072496781222,""car_hit"":0.5129246310785381,""own_hit"":0.5154006140437754,""cross_hit"":0.5113400019807863},{""asset"":""SOL"",""ar_r2"":-0.0047946226446666795,""car_r2"":-0.0012522793528255693,""own_r2"":-0.0023763671929379893,""cross_r2"":-0.00022706150103468659,""cross_minus_own_r2"":0.0021493056919033027,""ar_hit"":0.5029216598989799,""car_hit"":0.5042091710409032,""own_hit"":0.49351292463107854,""cross_hit"":0.5012379914826186},{""asset"":""XRP"",""ar_r2"":-0.004030167797063111,""car_r2"":-0.0021949307622253222,""own_r2"":-0.0021008327192744147,""cross_r2"":-0.0005129105984953419,""cross_minus_own_r2"":0.0015879221207790728,""ar_hit"":0.5088640190155491,""car_hit"":0.5120332772110527,""own_hit"":0.5054966821828266,""cross_hit"":0.5122313558482717}]",0.46653946739119956,0.4234493888104738,0.3803593102297482,0.2941791530682971,6000,200,20,600
300,pca,ccz,5,300s_pca_ccz_h5,-0.007086147392999398,0.509882108183079,-0.005816504934997524,0.5132752129978204,-0.003446520806754838,0.508594214384783,-0.002261648224901436,0.5122597582722409,0.0011848725818534023,0.004824499168097962,0.003554856710096088,1.1519709124737556,1.0536068812639274,0.5147465727581436,0.19499262803018746,16128,500,SOL,0.003105079008440592,"[{""asset"":""BTC"",""ar_r2"":-0.007853548160790869,""car_r2"":-0.006750781061861888,""own_r2"":-0.0026748465425201484,""cross_r2"":-0.002391068419710596,""cross_minus_own_r2"":0.0002837781228095526,""ar_hit"":0.5150584505646919,""car_hit"":0.5136714880126808,""own_hit"":0.5059441252229047,""cross_hit"":0.5140677630275411},{""asset"":""ETH"",""ar_r2"":-0.006663854200240182,""car_r2"":-0.008107796854439187,""own_r2"":-0.0025765882355854863,""cross_r2"":-0.00342674802650067,""cross_minus_own_r2"":-0.0008501597909151837,""ar_hit"":0.516544481870418,""car_hit"":0.5159500693481276,""own_hit"":0.5192193382207252,""cross_hit"":0.5137705567663958},{""asset"":""SOL"",""ar_r2"":-0.006464976372560827,""car_r2"":-0.004353940589232996,""own_r2"":-0.0044324842317209345,""cross_r2"":-0.0013274052232803424,""cross_minus_own_r2"":0.003105079008440592,""ar_hit"":0.501287893798296,""car_hit"":0.5059441252229047,""own_hit"":0.4980186249256984,""cross_hit"":0.49960372498513966},{""asset"":""XRP"",""ar_r2"":-0.007362210838405714,""car_r2"":-0.004053501234456025,""own_r2"":-0.004102164217192783,""cross_r2"":-0.001901371230114135,""cross_minus_own_r2"":0.002200792987078648,""ar_hit"":0.5066376064989102,""car_hit"":0.5175351694075688,""own_hit"":0.5111947691698039,""cross_hit"":0.5215969883098871}]",1.1519709124737556,1.1027888968688415,1.0536068812639274,0.955242850054099,6000,200,20,1500
300,pca,ccz,10,300s_pca_ccz_h10,-0.009647976359984822,0.5141242937853107,-0.009760331490237029,0.5157845177916542,-0.004793450940325461,0.5062939835464366,-0.0050460392570823576,0.5200465853900288,-0.0002525883167568965,0.004601937102902465,0.004714292233154671,2.277730288406441,2.2069662999039705,0.5203185288564157,0.14034904502671652,16128,500,SOL,0.00249330586896912,"[{""asset"":""BTC"",""ar_r2"":-0.013510909333849908,""car_r2"":-0.009668843213323619,""own_r2"":-0.0035229444258766396,""cross_r2"":-0.00726407373832294,""cross_minus_own_r2"":-0.0037411293124463008,""ar_hit"":0.5244325503023094,""car_hit"":0.5257210823669343,""own_hit"":0.5067895728020616,""cross_hit"":0.5237387253444346},{""asset"":""ETH"",""ar_r2"":-0.00869635326278173,""car_r2"":-0.013633934815030502,""own_r2"":-0.0038871579709593984,""cross_r2"":-0.006051736017762099,""cross_minus_own_r2"":-0.002164578046802701,""ar_hit"":0.5272078501338091,""car_hit"":0.52046783625731,""own_hit"":0.5211616612151848,""cross_hit"":0.5244325503023094},{""asset"":""SOL"",""ar_r2"":-0.008681966929571017,""car_r2"":-0.006287052002678539,""own_r2"":-0.005252170349802743,""cross_r2"":-0.0027588644808336227,""cross_minus_own_r2"":0.00249330586896912,""ar_hit"":0.495886609178313,""car_hit"":0.5052036871840618,""own_hit"":0.4911289523243136,""cross_hit"":0.504212508672812},{""asset"":""XRP"",""ar_r2"":-0.007702675913736634,""car_r2"":-0.009451495929915454,""own_r2"":-0.006511531014663063,""cross_r2"":-0.004109482791410768,""cross_minus_own_r2"":0.0024020482232522955,""ar_hit"":0.5089701655268114,""car_hit"":0.511745465358311,""own_hit"":0.5060957478441868,""cross_hit"":0.527802557240559}]",2.277730288406441,2.2423482941552058,2.2069662999039705,2.1362023114015,6000,200,20,3000
300,pca,ccz,20,300s_pca_ccz_h20,-0.013519357627655604,0.5312034924099613,-0.015185654766138035,0.5258706220855244,-0.008700160013527192,0.5208850084333764,-0.008412475241685313,0.5317491814664154,0.00028768477184187846,0.0051068823859702905,0.0067731795244527215,4.566965401624701,4.514093316623801,0.5326975476839237,0.10496741115922223,16128,500,SOL,0.005231169767008881,"[{""asset"":""BTC"",""ar_r2"":-0.01812603954347769,""car_r2"":-0.013693189557806296,""own_r2"":-0.00837053120589104,""cross_r2"":-0.013172522049985647,""cross_minus_own_r2"":-0.004801990844094606,""ar_hit"":0.5412243278102986,""car_hit"":0.5342791943645203,""own_hit"":0.5262426828058339,""cross_hit"":0.5411251116182161},{""asset"":""ETH"",""ar_r2"":-0.012041767855332175,""car_r2"":-0.019436452894570966,""own_r2"":-0.0063209497288398975,""cross_r2"":-0.010803405786797837,""cross_minus_own_r2"":-0.00448245605795794,""ar_hit"":0.5341799781724378,""car_hit"":0.5323940867149519,""own_hit"":0.5363627343982538,""cross_hit"":0.5379501934715746},{""asset"":""SOL"",""ar_r2"":-0.013527297255262694,""car_r2"":-0.012073649197738012,""own_r2"":-0.008910496883891339,""cross_r2"":-0.003679327116882458,""cross_minus_own_r2"":0.005231169767008881,""ar_hit"":0.5158249826371664,""car_hit"":0.5123524159142772,""own_hit"":0.5042166881635083,""cross_hit"":0.511062605417204},{""asset"":""XRP"",""ar_r2"":-0.010382325856549857,""car_r2"":-0.015539327414436865,""own_r2"":-0.01119866223548649,""cross_r2"":-0.005994646013075311,""cross_minus_own_r2"":0.0052040162224111786,""ar_hit"":0.5335846810199425,""car_hit"":0.5244567913483481,""own_hit"":0.5167179283659094,""cross_hit"":0.5368588153586665}]",4.566965401624701,4.5405293591242515,4.514093316623801,4.4612212316229005,6000,200,20,6000
60,pca,ccz,5,60s_pca_ccz_h5,-0.004674610729367312,0.5081628823419028,-0.000957400374239914,0.5071777068868456,-0.00448559962684536,0.5016888722086695,-0.0026112847705879183,0.5001005281076588,0.0018743148562574419,0.002063325958779394,-0.0016538843963480043,-0.07711427081034267,-1.112245101789879,0.5005500737212204,0.2775112481011076,80640,500,ETH,0.002526069088707006,"[{""asset"":""BTC"",""ar_r2"":-0.004266221748958188,""car_r2"":9.165210383965672e-06,""own_r2"":-0.003622114660919218,""cross_r2"":-0.0019718110351985008,""cross_minus_own_r2"":0.001650303625720717,""ar_hit"":0.5090475296893011,""car_hit"":0.5124922928450795,""own_hit"":0.5030560544728306,""cross_hit"":0.4997185212985551},{""asset"":""ETH"",""ar_r2"":-0.0058397743675813185,""car_r2"":-0.0014460020564581733,""own_r2"":-0.005088504412499528,""cross_r2"":-0.0025624353237925224,""cross_minus_own_r2"":0.002526069088707006,""ar_hit"":0.5103879044580865,""car_hit"":0.5065544326193604,""own_hit"":0.5018899284239874,""cross_hit"":0.5012599522826582},{""asset"":""SOL"",""ar_r2"":-0.0038954334279586167,""car_r2"":-0.0010459577419765775,""own_r2"":-0.0037943120559471577,""cross_r2"":-0.0029636537221613413,""cross_minus_own_r2"":0.0008306583337858164,""ar_hit"":0.5048387529153151,""car_hit"":0.5056295740288985,""own_hit"":0.5013269710210975,""cross_hit"":0.501554834731791},{""asset"":""XRP"",""ar_r2"":-0.004697013372971126,""car_r2"":-0.0013468069089088708,""own_r2"":-0.005437467378015537,""cross_r2"":-0.002947239001199309,""cross_minus_own_r2"":0.002490228376816228,""ar_hit"":0.5083773423049085,""car_hit"":0.5040345280540439,""own_hit"":0.5004825349167628,""cross_hit"":0.4978688041176313}]",-0.07711427081034267,-0.5946796863001107,-1.112245101789879,-2.1473759327694153,6000,200,20,300
60,best,low,5,60s_best_low_h5,-0.001181282177378895,0.5101094690016481,-0.0006169188138420989,0.5068769847118567,-0.0011158057595676008,0.5038320850026128,-0.0008650062055115537,0.5032190853911809,0.00025079955405604704,0.00031627597186734135,-0.0002480873916694548,0.5331309316831785,-0.13502724213739703,0.505416941299938,0.17906366881614824,80640,500,XRP,0.00032913435960968407,"[{""asset"":""BTC"",""ar_r2"":-0.000261071562472015,""car_r2"":0.00014451422539984993,""own_r2"":-0.000801057229179003,""cross_r2"":-0.0005850911867519848,""cross_minus_own_r2"":0.00021596604242701822,""ar_hit"":0.5152278482708721,""car_hit"":0.5092117427947422,""own_hit"":0.5071751102059411,""cross_hit"":0.5039995712352444},{""asset"":""ETH"",""ar_r2"":-0.001392225948007031,""car_r2"":-0.0008171846095921254,""own_r2"":-0.0011412678167543877,""cross_r2"":-0.0009213777586365435,""cross_minus_own_r2"":0.00021989005811784423,""ar_hit"":0.5138075650181555,""car_hit"":0.510457840365522,""own_hit"":0.5057816247504455,""cross_hit"":0.5057012313587823},{""asset"":""SOL"",""ar_r2"":-0.0012250545760323917,""car_r2"":-0.0006908580375784013,""own_r2"":-0.001315909741641974,""cross_r2"":-0.0010777019855723324,""cross_minus_own_r2"":0.00023820775606964162,""ar_hit"":0.5053260621976874,""car_hit"":0.502860664853349,""own_hit"":0.5007704366701057,""cross_hit"":0.4991625688368416},{""asset"":""XRP"",""ar_r2"":-0.0018467766230041427,""car_r2"":-0.001104146833597719,""own_r2"":-0.0012049882506950382,""cross_r2"":-0.0008758538910853542,""cross_minus_own_r2"":0.00032913435960968407,""ar_hit"":0.5060764005198772,""car_hit"":0.5049776908338135,""own_hit"":0.5016011683839589,""cross_hit"":0.504012970133855}]",0.5331309316831785,0.1990518447728914,-0.13502724213739703,-0.8031854159579723,6000,200,20,300
5,pca,ccz,1,5s_pca_ccz_h1,-0.0022614962459988064,0.29402797275516035,0.0006498737611491667,0.3109361514064368,0.0024001499151606043,0.3121515104247907,0.005853576705186797,0.3245832683408725,0.003453426790026193,0.008115072951185603,0.00520370294403763,12.047736908056041,-37.566131240275766,0.3692010665902646,1.0318541280479137,967680,4838,SOL,0.007311967531909769,"[{""asset"":""BTC"",""ar_r2"":-0.0017321327295725109,""car_r2"":0.0036201659096128935,""own_r2"":0.007637985652270807,""cross_r2"":0.008666668686030166,""cross_minus_own_r2"":0.0010286830337593589,""ar_hit"":0.2972671970051474,""car_hit"":0.31940414911870224,""own_hit"":0.332819632922581,""cross_hit"":0.3343784121041959},{""asset"":""ETH"",""ar_r2"":-0.0032790727796054853,""car_r2"":-0.003978168363364398,""own_r2"":0.002610374428424378,""cross_r2"":0.0019632155843812837,""cross_minus_own_r2"":-0.0006471588440430942,""ar_hit"":0.3386159205532158,""car_hit"":0.35145427130452866,""own_hit"":0.3669744709613685,""cross_hit"":0.3667041023241304},{""asset"":""SOL"",""ar_r2"":-0.0018613629198880322,""car_r2"":0.0032083042984563104,""own_r2"":-0.0005945944362459876,""cross_r2"":0.006717373095663781,""cross_minus_own_r2"":0.007311967531909769,""ar_hit"":0.26287838610721154,""car_hit"":0.2815795767690948,""own_hit"":0.26612176987469455,""cross_hit"":0.2929714553111839},{""asset"":""XRP"",""ar_r2"":-0.0021734165549291973,""car_r2"":-0.0002508068001081387,""own_r2"":-5.316598380677995e-05,""cross_r2"":0.006067049454671958,""cross_minus_own_r2"":0.006120215438478738,""ar_hit"":0.2773503873550668,""car_hit"":0.2913066084334217,""own_hit"":0.2826901679405189,""cross_hit"":0.30427910362397964}]",12.047736908056041,-12.75919716610986,-37.566131240275766,-87.17999938860757,6000,200,20,5

