bar_s,scheme,lagset,lag_windows,horizon,horizon_seconds,train,levels,kind,own_r2,car_r2,cross_r2,cross_minus_own_r2,cross_minus_car_r2,own_hit,car_hit,cross_hit,pnl_net,pnl_gross,pnl_net_0p25bp,pnl_net_0p5bp,pnl_net_1p0bp,pnl_hit,turnover,frac_traded,best_asset,best_asset_cross_minus_own_r2,asset_metrics_json
300,pca,ccz_short,"1,2,3,5",2,600,3000,10,real,-0.0038744040724764117,-0.001845464328727231,-0.0017665916041509355,0.002107812468325476,7.887272457629546e-05,0.5036008230452675,0.5098308184727938,0.5098498704465783,0.3251491550120381,0.5385190818399272,0.4318341184259826,0.3251491550120381,0.11177922818414923,0.5117543799263415,0.32533342506348867,0.9996950522223069,XRP,0.004304367711343238,"[{""asset"":""BTC"",""own_r2"":-0.003521014443246262,""car_r2"":-0.0010240015713469663,""cross_r2"":-0.002350130031523845,""cross_minus_own_r2"":0.001170884411722417,""cross_minus_car_r2"":-0.0013261284601768786,""own_hit"":0.5065538789818625,""car_hit"":0.5178326474622771,""cross_hit"":0.5176040237768633,""n"":13122},{""asset"":""ETH"",""own_r2"":-0.0032636579422660184,""car_r2"":-0.0011148562511291704,""cross_r2"":-0.001609939597099208,""cross_minus_own_r2"":0.0016537183451668103,""cross_minus_car_r2"":-0.0004950833459700377,""own_hit"":0.5025910684346898,""car_hit"":0.5093735711019661,""cross_hit"":0.5089925316262764,""n"":13122},{""asset"":""SOL"",""own_r2"":-0.003353196979440698,""car_r2"":-0.0025271974826457377,""cross_r2"":-0.002050917574371258,""cross_minus_own_r2"":0.0013022794050694397,""cross_minus_car_r2"":0.0004762799082744795,""own_hit"":0.5037341868617589,""car_hit"":0.5035055631763451,""cross_hit"":0.5030483158055175,""n"":13122},{""asset"":""XRP"",""own_r2"":-0.005359746924952669,""car_r2"":-0.0027158020097870494,""cross_r2"":-0.0010553792136094309,""cross_minus_own_r2"":0.004304367711343238,""cross_minus_car_r2"":0.0016604227961776186,""own_hit"":0.5015241579027587,""car_hit"":0.5086114921505868,""cross_hit"":0.5097546105776558,""n"":13122}]"
300,pca,ccz_short,"1,2,3,5",2,600,3000,10,placebo,-0.0038744040724764117,-0.001845464328727231,-0.0016756868315315754,0.0021987172409448363,0.0001697774971956556,0.5036008230452675,0.5098308184727938,0.5082982702197288,-0.045088630970366306,0.2996125655623141,0.1272619672959739,-0.045088630970366306,-0.3897898275030466,0.5097819060256541,0.5373781222740358,0.9959466832956583,XRP,0.004179703530418966,"[{""asset"":""BTC"",""own_r2"":-0.003521014443246262,""car_r2"":-0.0010240015713469663,""cross_r2"":-0.0020710305147977337,""cross_minus_own_r2"":0.0014499839284485283,""cross_minus_car_r2"":-0.0010470289434507674,""own_hit"":0.5065538789818625,""car_hit"":0.5178326474622771,""cross_hit"":0.5113760324139006,""n"":12834},{""asset"":""ETH"",""own_r2"":-0.0032636579422660184,""car_r2"":-0.0011148562511291704,""cross_r2"":-0.0015165532972900575,""cross_minus_own_r2"":0.0017471046449759609,""cross_minus_car_r2"":-0.0004016970461608871,""own_hit"":0.5025910684346898,""car_hit"":0.5093735711019661,""cross_hit"":0.5066230325697366,""n"":12834},{""asset"":""SOL"",""own_r2"":-0.003353196979440698,""car_r2"":-0.0025271974826457377,""cross_r2"":-0.0019351201195048073,""cross_minus_own_r2"":0.0014180768599358906,""cross_minus_car_r2"":0.0005920773631409304,""own_hit"":0.5037341868617589,""car_hit"":0.5035055631763451,""cross_hit"":0.50319463923952,""n"":12834},{""asset"":""XRP"",""own_r2"":-0.005359746924952669,""car_r2"":-0.0027158020097870494,""cross_r2"":-0.001180043394533703,""cross_minus_own_r2"":0.004179703530418966,""cross_minus_car_r2"":0.0015357586152533464,""own_hit"":0.5015241579027587,""car_hit"":0.5086114921505868,""cross_hit"":0.5119993766557581,""n"":12834}]"
300,pca,ccz_short,"1,2,3,5",5,1500,3000,10,real,-0.005277412570267759,-0.0057910473767717185,-0.004437659090510304,0.0008397534797574546,0.0013533882862614144,0.5038874914246513,0.5065172650354448,0.5095662779175242,0.4484036679702403,0.5892669847898774,0.5188353263800591,0.4484036679702403,0.30754035115060313,0.5116091583360206,0.2148289108123183,0.9845203599206954,XRP,0.0030379870980061785,"[{""asset"":""BTC"",""own_r2"":-0.0044062615107189895,""car_r2"":-0.003593664594591095,""cross_r2"":-0.004522554410047341,""cross_minus_own_r2"":-0.00011629289932835185,""cross_minus_car_r2"":-0.0009288898154562464,""own_hit"":0.49737022638920647,""car_hit"":0.5061361384251849,""cross_hit"":0.5116243616129278,""n"":13119},{""asset"":""ETH"",""own_r2"":-0.004659988203717269,""car_r2"":-0.004305219894929602,""cross_r2"":-0.0037579671661880365,""cross_minus_own_r2"":0.0009020210375292326,""cross_minus_car_r2"":0.0005472527287415652,""own_hit"":0.5088040246970044,""car_hit"":0.5114719109688238,""cross_hit"":0.5117768122570318,""n"":13119},{""asset"":""SOL"",""own_r2"":-0.005591202176910004,""car_r2"":-0.009057409504489744,""cross_r2"":-0.006055903494087245,""cross_minus_own_r2"":-0.0004647013171772407,""cross_minus_car_r2"":0.0030015060104024993,""own_hit"":0.5023248723225856,""car_hit"":0.49698909977894656,""cross_hit"":0.4985898315420383,""n"":13119},{""asset"":""XRP"",""own_r2"":-0.0064521983897247726,""car_r2"":-0.0062078955130764335,""cross_r2"":-0.003414211291718594,""cross_minus_own_r2"":0.0030379870980061785,""cross_minus_car_r2"":0.0027936842213578394,""own_hit"":0.5070508422898087,""car_hit"":0.5114719109688238,""cross_hit"":0.5162741062580989,""n"":13119}]"
300,pca,ccz_short,"1,2,3,5",5,1500,3000,10,placebo,-0.005277412570267759,-0.0057910473767717185,-0.004726505878183629,0.0005509066920841299,0.0010645414985880897,0.5038874914246513,0.5065172650354448,0.5051048242537604,-0.09425685853765775,0.1796757758017652,0.042709458632053665,-0.09425685853765775,-0.36818949287708064,0.507832559892582,0.4271520884756321,0.9999220333697177,XRP,0.002358759173258562,"[{""asset"":""BTC"",""own_r2"":-0.0044062615107189895,""car_r2"":-0.003593664594591095,""cross_r2"":-0.005700484881609125,""cross_minus_own_r2"":-0.0012942233708901352,""cross_minus_car_r2"":-0.0021068202870180297,""own_hit"":0.49737022638920647,""car_hit"":0.5061361384251849,""cross_hit"":0.508534019172317,""n"":12831},{""asset"":""ETH"",""own_r2"":-0.004659988203717269,""car_r2"":-0.004305219894929602,""cross_r2"":-0.0037852116540748604,""cross_minus_own_r2"":0.0008747765496424087,""cross_minus_car_r2"":0.0005200082408547413,""own_hit"":0.5088040246970044,""car_hit"":0.5114719109688238,""cross_hit"":0.5075987841945289,""n"":12831},{""asset"":""SOL"",""own_r2"":-0.005591202176910004,""car_r2"":-0.009057409504489744,""cross_r2"":-0.00532688776058432,""cross_minus_own_r2"":0.00026431441632568387,""cross_minus_car_r2"":0.003730521743905424,""own_hit"":0.5023248723225856,""car_hit"":0.49698909977894656,""cross_hit"":0.4969215181981139,""n"":12831},{""asset"":""XRP"",""own_r2"":-0.0064521983897247726,""car_r2"":-0.0062078955130764335,""cross_r2"":-0.00409343921646621,""cross_minus_own_r2"":0.002358759173258562,""cross_minus_car_r2"":0.002114456296610223,""own_hit"":0.5070508422898087,""car_hit"":0.5114719109688238,""cross_hit"":0.5073649754500819,""n"":12831}]"
300,pca,ccz_short,"1,2,3,5",10,3000,3000,10,real,-0.009201818707728016,-0.008513379580573799,-0.011124173746389132,-0.0019223550386611166,-0.0026107941658153333,0.50396522800061,0.5031645569620253,0.5027832850388898,0.7147989549065604,0.8737555812512277,0.7942772680788939,0.7147989549065604,0.5558423285618926,0.5035990348043025,0.24251525874539268,1.0,SOL,0.0012434763881112865,"[{""asset"":""BTC"",""own_r2"":-0.006510994052562946,""car_r2"":-0.010412358953555856,""cross_r2"":-0.0120892370582808,""cross_minus_own_r2"":-0.005578243005717853,""cross_minus_car_r2"":-0.0016768781047249437,""own_hit"":0.5009913070001525,""car_hit"":0.5034314473082202,""cross_hit"":0.501296324538661,""n"":13114},{""asset"":""ETH"",""own_r2"":-0.009967265198561615,""car_r2"":-0.009235640237454934,""cross_r2"":-0.011687568162519035,""cross_minus_own_r2"":-0.0017203029639574208,""cross_minus_car_r2"":-0.0024519279250641013,""own_hit"":0.5086929998474913,""car_hit"":0.50396522800061,""cross_hit"":0.5051852981546439,""n"":13114},{""asset"":""SOL"",""own_r2"":-0.010928407060665224,""car_r2"":-0.007631151964282656,""cross_r2"":-0.009684930672553937,""cross_minus_own_r2"":0.0012434763881112865,""cross_minus_car_r2"":-0.002053778708271281,""own_hit"":0.4993899649229831,""car_hit"":0.4962635351532713,""cross_hit"":0.4962635351532713,""n"":13114},{""asset"":""XRP"",""own_r2"":-0.009400608519122278,""car_r2"":-0.006774367167001749,""cross_r2"":-0.011034959092202756,""cross_minus_own_r2"":-0.0016343505730804786,""cross_minus_car_r2"":-0.004260591925201007,""own_hit"":0.5067866402318133,""car_hit"":0.5089980173859997,""cross_hit"":0.5083879823089827,""n"":13114}]"
300,pca,ccz_short,"1,2,3,5",10,3000,3000,10,placebo,-0.009201818707728016,-0.008513379580573799,-0.009326125469823865,-0.00012430676209584934,-0.0008127458892500661,0.50396522800061,0.5031645569620253,0.504385622953376,0.8299173184167148,0.9905694780522765,0.9102433982344955,0.8299173184167148,0.6692651587811529,0.5039799089090368,0.2506078459333308,0.9996100148194369,SOL,0.0014907116368310103,"[{""asset"":""BTC"",""own_r2"":-0.006510994052562946,""car_r2"":-0.010412358953555856,""cross_r2"":-0.00813274182185042,""cross_minus_own_r2"":-0.0016217477692874738,""cross_minus_car_r2"":0.002279617131705436,""own_hit"":0.5009913070001525,""car_hit"":0.5034314473082202,""cross_hit"":0.496413535007017,""n"":12826},{""asset"":""ETH"",""own_r2"":-0.009967265198561615,""car_r2"":-0.009235640237454934,""cross_r2"":-0.010322588405370148,""cross_minus_own_r2"":-0.00035532320680853324,""cross_minus_car_r2"":-0.0010869481679152138,""own_hit"":0.5086929998474913,""car_hit"":0.50396522800061,""cross_hit"":0.508810229221893,""n"":12826},{""asset"":""SOL"",""own_r2"":-0.010928407060665224,""car_r2"":-0.007631151964282656,""cross_r2"":-0.009437695423834214,""cross_minus_own_r2"":0.0014907116368310103,""cross_minus_car_r2"":-0.0018065434595515573,""own_hit"":0.4993899649229831,""car_hit"":0.4962635351532713,""cross_hit"":0.5010135661936691,""n"":12826},{""asset"":""XRP"",""own_r2"":-0.009400608519122278,""car_r2"":-0.006774367167001749,""cross_r2"":-0.009411476228240678,""cross_minus_own_r2"":-1.0867709118400626e-05,""cross_minus_car_r2"":-0.002637109061238929,""own_hit"":0.5067866402318133,""car_hit"":0.5089980173859997,""cross_hit"":0.5113051613909246,""n"":12826}]"
300,pca,ccz_short,"1,2,3,5",20,6000,3000,10,real,-0.014975009275798645,-0.014100317149778996,-0.013881957397760936,0.0010930518780377096,0.00021835975201806024,0.5117330586080586,0.5103594322344323,0.5135836385836385,3.020314038789111,3.082913061402034,3.0516135500955732,3.020314038789111,2.957715016176188,0.5140476840831935,0.09557832294514712,1.0,SOL,0.0021359106005791606,"[{""asset"":""BTC"",""own_r2"":-0.013457475625275217,""car_r2"":-0.014714807055050683,""cross_r2"":-0.013626790280911294,""cross_minus_own_r2"":-0.00016931465563607695,""cross_minus_car_r2"":0.0010880167741393887,""own_hit"":0.5113705738705738,""car_hit"":0.5121336996336996,""cross_hit"":0.5129731379731379,""n"":13104},{""asset"":""ETH"",""own_r2"":-0.015116610764422722,""car_r2"":-0.01713621362248019,""cross_r2"":-0.0132664606742523,""cross_minus_own_r2"":0.0018501500901704215,""cross_minus_car_r2"":0.003869752948227889,""own_hit"":0.5179334554334555,""car_hit"":0.5171703296703297,""cross_hit"":0.5228937728937729,""n"":13104},{""asset"":""SOL"",""own_r2"":-0.018017407584159928,""car_r2"":-0.014236582339733461,""cross_r2"":-0.015881496983580767,""cross_minus_own_r2"":0.0021359106005791606,""cross_minus_car_r2"":-0.0016449146438473061,""own_hit"":0.5072496947496947,""car_hit"":0.4993894993894994,""cross_hit"":0.501449938949939,""n"":13104},{""asset"":""XRP"",""own_r2"":-0.013308543129336714,""car_r2"":-0.01031366558185165,""cross_r2"":-0.01275308165229938,""cross_minus_own_r2"":0.0005554614770373334,""cross_minus_car_r2"":-0.002439416070447731,""own_hit"":0.5103785103785103,""car_hit"":0.5127442002442002,""cross_hit"":0.5170177045177046,""n"":13104}]"
300,pca,ccz_short,"1,2,3,5",20,6000,3000,10,placebo,-0.014975009275798645,-0.014100317149778996,-0.015057081106525871,-8.207183072722612e-05,-0.0009567639567468755,0.5117330586080586,0.5103594322344323,0.5087000624219725,0.7789981432214637,0.8206788111201075,0.7998384771707849,0.7789981432214637,0.7373174753228202,0.5083570483786926,0.06507012395385774,1.0,SOL,0.0018904893238320675,"[{""asset"":""BTC"",""own_r2"":-0.013457475625275217,""car_r2"":-0.014714807055050683,""cross_r2"":-0.013245256679661699,""cross_minus_own_r2"":0.00021221894561351817,""cross_minus_car_r2"":0.0014695503753889838,""own_hit"":0.5113705738705738,""car_hit"":0.5121336996336996,""cross_hit"":0.505461922596754,""n"":12816},{""asset"":""ETH"",""own_r2"":-0.015116610764422722,""car_r2"":-0.01713621362248019,""cross_r2"":-0.017157385447778895,""cross_minus_own_r2"":-0.0020407746833561724,""cross_minus_car_r2"":-2.117182529870476e-05,""own_hit"":0.5179334554334555,""car_hit"":0.5171703296703297,""cross_hit"":0.5081148564294632,""n"":12816},{""asset"":""SOL"",""own_r2"":-0.018017407584159928,""car_r2"":-0.014236582339733461,""cross_r2"":-0.01612691826032786,""cross_minus_own_r2"":0.0018904893238320675,""cross_minus_car_r2"":-0.0018903359205943993,""own_hit"":0.5072496947496947,""car_hit"":0.4993894993894994,""cross_hit"":0.5048377028714107,""n"":12816},{""asset"":""XRP"",""own_r2"":-0.013308543129336714,""car_r2"":-0.01031366558185165,""cross_r2"":-0.013698764038335032,""cross_minus_own_r2"":-0.00039022090899831774,""cross_minus_car_r2"":-0.003385098456483382,""own_hit"":0.5103785103785103,""car_hit"":0.5127442002442002,""cross_hit"":0.5163857677902621,""n"":12816}]"
300,pca,ccz_short,"1,2,3,5",2,600,6000,10,real,-0.0016383715989031211,-0.0008237504216900837,-0.0007253520462261465,0.0009130195526769747,9.839837546393726e-05,0.5046433511163801,0.5123493380754791,0.5114601857340446,0.3097134395117265,0.4415487709479884,0.37563110522985743,0.3097134395117265,0.1778781080754646,0.5132236968647816,0.2606213925793454,0.9950578234654542,XRP,0.0013161545394548835,"[{""asset"":""BTC"",""own_r2"":-0.001590859496812147,""car_r2"":-0.0007365937733168071,""cross_r2"":-0.0009540629325175409,""cross_minus_own_r2"":0.0006367965642946061,""cross_minus_car_r2"":-0.00021746915920073384,""own_hit"":0.5120529539616676,""car_hit"":0.517190278601067,""cross_hit"":0.5134360798261213,""n"":10122},{""asset"":""ETH"",""own_r2"":-0.0009904274473024888,""car_r2"":-0.0006716627194287561,""cross_r2"":-0.0005431523631442836,""cross_minus_own_r2"":0.00044727508415820516,""cross_minus_car_r2"":0.0001285103562844725,""own_hit"":0.5132384904169136,""car_hit"":0.5131396957123098,""cross_hit"":0.5123493380754791,""n"":10122},{""asset"":""SOL"",""own_r2"":-0.0016901085306697539,""car_r2"":-0.0008275255629852651,""cross_r2"":-0.00043825650786954995,""cross_minus_own_r2"":0.001251852022800204,""cross_minus_car_r2"":0.0003892690551157152,""own_hit"":0.4909108871764473,""car_hit"":0.5060264769808338,""cross_hit"":0.5066192452084568,""n"":10122},{""asset"":""XRP"",""own_r2"":-0.002282090920828095,""car_r2"":-0.0010592196310295066,""cross_r2"":-0.0009659363813732114,""cross_minus_own_r2"":0.0013161545394548835,""cross_minus_car_r2"":9.32832496562952e-05,""own_hit"":0.502371072910492,""car_hit"":0.5130409010077059,""cross_hit"":0.5134360798261213,""n"":10122}]"
300,pca,ccz_short,"1,2,3,5",2,600,6000,10,placebo,-0.0016383715989031211,-0.0008237504216900837,-0.0008527888760251345,0.0007855827228779866,-2.9038454335050812e-05,0.5046433511163801,0.5123493380754791,0.510600976205003,-0.07512098204065965,0.2234206695506179,0.07414984375497924,-0.07512098204065965,-0.37366263363193725,0.5134875640087784,0.6074710582791282,0.9990843422525181,SOL,0.0014624136777150465,"[{""asset"":""BTC"",""own_r2"":-0.001590859496812147,""car_r2"":-0.0007365937733168071,""cross_r2"":-0.0010799983592753026,""cross_minus_own_r2"":0.0005108611375368444,""cross_minus_car_r2"":-0.00034340458595849555,""own_hit"":0.5120529539616676,""car_hit"":0.517190278601067,""cross_hit"":0.5137278828553996,""n"":9834},{""asset"":""ETH"",""own_r2"":-0.0009904274473024888,""car_r2"":-0.0006716627194287561,""cross_r2"":-0.0009211694462012421,""cross_minus_own_r2"":6.925800110124669e-05,""cross_minus_car_r2"":-0.000249506726772486,""own_hit"":0.5132384904169136,""car_hit"":0.5131396957123098,""cross_hit"":0.5154565792149685,""n"":9834},{""asset"":""SOL"",""own_r2"":-0.0016901085306697539,""car_r2"":-0.0008275255629852651,""cross_r2"":-0.00022769485295470737,""cross_minus_own_r2"":0.0014624136777150465,""cross_minus_car_r2"":0.0005998307100305578,""own_hit"":0.4909108871764473,""car_hit"":0.5060264769808338,""cross_hit"":0.5038641448037421,""n"":9834},{""asset"":""XRP"",""own_r2"":-0.002282090920828095,""car_r2"":-0.0010592196310295066,""cross_r2"":-0.001182292845669286,""cross_minus_own_r2"":0.0010997980751588088,""cross_minus_car_r2"":-0.0001230732146397795,""own_hit"":0.502371072910492,""car_hit"":0.5130409010077059,""cross_hit"":0.509355297945902,""n"":9834}]"
300,pca,ccz_short,"1,2,3,5",5,1500,6000,10,real,-0.0020668001342798448,-0.001971193067346,-0.0014943147876537166,0.0005724853466261282,0.00047687827969228325,0.5099071054452021,0.5139835952169187,0.514428303192015,1.27851075152862,1.3548838731400432,1.316697312334332,1.27851075152862,1.2021376299171969,0.516479989730094,0.1510245632023399,0.9983191615582361,XRP,0.0019347299941716578,"[{""asset"":""BTC"",""own_r2"":-0.0018122704903562603,""car_r2"":-0.0018575551012314229,""cross_r2"":-0.0023299086856030105,""cross_minus_own_r2"":-0.0005176381952467501,""cross_minus_car_r2"":-0.0004723535843715876,""own_hit"":0.5099318114438186,""car_hit"":0.511710643344204,""cross_hit"":0.511710643344204,""n"":10119},{""asset"":""ETH"",""own_r2"":-0.0012783079791325314,""car_r2"":-0.002003776499955645,""cross_r2"":-0.0013717326331297297,""cross_minus_own_r2"":-9.342465399719835e-05,""cross_minus_car_r2"":0.0006320438668259154,""own_hit"":0.5176400830121554,""car_hit"":0.5180353789900187,""cross_hit"":0.5201106828738018,""n"":10119},{""asset"":""SOL"",""own_r2"":-0.00215188619083051,""car_r2"":-0.002045473301988787,""cross_r2"":-0.0011856119492537065,""cross_minus_own_r2"":0.0009662742415768033,""cross_minus_car_r2"":0.0008598613527350807,""own_hit"":0.4987647000691768,""car_hit"":0.503409427809072,""cross_hit"":0.502717659847811,""n"":10119},{""asset"":""XRP"",""own_r2"":-0.0030247358768000776,""car_r2"":-0.0019779673662081443,""cross_r2"":-0.0010900058826284198,""cross_minus_own_r2"":0.0019347299941716578,""cross_minus_car_r2"":0.0008879614835797245,""own_hit"":0.5132918272556577,""car_hit"":0.5227789307243799,""cross_hit"":0.5231742267022433,""n"":10119}]"
300,pca,ccz_short,"1,2,3,5",5,1500,6000,10,placebo,-0.0020668001342798448,-0.001971193067346,-0.002906037063188649,-0.0008392369289088042,-0.0009348439958426491,0.5099071054452021,0.5139835952169187,0.5074000610314312,0.9637555278430515,1.0702930757963474,1.0170243018196996,0.9637555278430515,0.8572179798897557,0.5082827419994509,0.21684825555321796,1.0,BTC,0.00010292129479427814,"[{""asset"":""BTC"",""own_r2"":-0.0018122704903562603,""car_r2"":-0.0018575551012314229,""cross_r2"":-0.0017093491955619822,""cross_minus_own_r2"":0.00010292129479427814,""cross_minus_car_r2"":0.0001482059056694407,""own_hit"":0.5099318114438186,""car_hit"":0.511710643344204,""cross_hit"":0.5127657410232936,""n"":9831},{""asset"":""ETH"",""own_r2"":-0.0012783079791325314,""car_r2"":-0.002003776499955645,""cross_r2"":-0.001360921357380418,""cross_minus_own_r2"":-8.261337824788662e-05,""cross_minus_car_r2"":0.0006428551425752271,""own_hit"":0.5176400830121554,""car_hit"":0.5180353789900187,""cross_hit"":0.5149018411148408,""n"":9831},{""asset"":""SOL"",""own_r2"":-0.00215188619083051,""car_r2"":-0.002045473301988787,""cross_r2"":-0.005469966559588757,""cross_minus_own_r2"":-0.003318080368758247,""cross_minus_car_r2"":-0.00342449325759997,""own_hit"":0.4987647000691768,""car_hit"":0.503409427809072,""cross_hit"":0.4967958498626793,""n"":9831},{""asset"":""XRP"",""own_r2"":-0.0030247358768000776,""car_r2"":-0.0019779673662081443,""cross_r2"":-0.0030839111402234387,""cross_minus_own_r2"":-5.91752634233611e-05,""cross_minus_car_r2"":-0.0011059437740152944,""own_hit"":0.5132918272556577,""car_hit"":0.5227789307243799,""cross_hit"":0.505136812124911,""n"":9831}]"
300,pca,ccz_short,"1,2,3,5",10,3000,6000,10,real,-0.003020736861698181,-0.0020783498618230367,-0.0025745400026859766,0.0004461968590122045,-0.0004961901408629399,0.5114198141190429,0.5176982400632786,0.5163881748071979,2.6143815673053514,2.6516303573921576,2.633005962348754,2.6143815673053514,2.5771327772185457,0.5173936899862825,0.07369431217094849,1.0,SOL,0.0016929091770634397,"[{""asset"":""BTC"",""own_r2"":-0.002995989734465576,""car_r2"":-0.0015158814092959272,""cross_r2"":-0.0039917804285583,""cross_minus_own_r2"":-0.0009957906940927241,""cross_minus_car_r2"":-0.002475899019262373,""own_hit"":0.5141388174807198,""car_hit"":0.5179948586118251,""cross_hit"":0.5152264188253906,""n"":10114},{""asset"":""ETH"",""own_r2"":-0.002861378688163718,""car_r2"":-0.0035567936239360165,""cross_r2"":-0.0026856401758179604,""cross_minus_own_r2"":0.00017573851234575777,""cross_minus_car_r2"":0.0008711534481180561,""own_hit"":0.5197745699031046,""car_hit"":0.5202689341506822,""cross_hit"":0.5203678070001977,""n"":10114},{""asset"":""SOL"",""own_r2"":-0.003558881135069525,""car_r2"":-0.0016093766836657863,""cross_r2"":-0.0018659719580060852,""cross_minus_own_r2"":0.0016929091770634397,""cross_minus_car_r2"":-0.00025659527434029883,""own_hit"":0.49278228198536683,""car_hit"":0.5058334981214159,""cross_hit"":0.5037571682815899,""n"":10114},{""asset"":""XRP"",""own_r2"":-0.0026666978890939053,""car_r2"":-0.0016313477303944168,""cross_r2"":-0.0017547674483615605,""cross_minus_own_r2"":0.0009119304407323447,""cross_minus_car_r2"":-0.00012341971796714368,""own_hit"":0.5189835871069804,""car_hit"":0.5266956693691912,""cross_hit"":0.5262013051216136,""n"":10114}]"
300,pca,ccz_short,"1,2,3,5",10,3000,6000,10,placebo,-0.003020736861698181,-0.0020783498618230367,-0.0020299493571366845,0.0009907875045614967,4.8400504686352264e-05,0.5114198141190429,0.5176982400632786,0.5157744758803176,3.0574091924307245,3.0957886870453186,3.0765989397380213,3.0574091924307245,3.019029697816131,0.5162673680599233,0.07815801774685574,0.9995927095000509,SOL,0.0023697140462235478,"[{""asset"":""BTC"",""own_r2"":-0.002995989734465576,""car_r2"":-0.0015158814092959272,""cross_r2"":-0.0022586272865936508,""cross_minus_own_r2"":0.0007373624478719254,""cross_minus_car_r2"":-0.0007427458772977236,""own_hit"":0.5141388174807198,""car_hit"":0.5179948586118251,""cross_hit"":0.5173010380622838,""n"":9826},{""asset"":""ETH"",""own_r2"":-0.002861378688163718,""car_r2"":-0.0035567936239360165,""cross_r2"":-0.0018798815818281689,""cross_minus_own_r2"":0.0009814971063355493,""cross_minus_car_r2"":0.0016769120421078476,""own_hit"":0.5197745699031046,""car_hit"":0.5202689341506822,""cross_hit"":0.5218807246081824,""n"":9826},{""asset"":""SOL"",""own_r2"":-0.003558881135069525,""car_r2"":-0.0016093766836657863,""cross_r2"":-0.001189167088845977,""cross_minus_own_r2"":0.0023697140462235478,""cross_minus_car_r2"":0.00042020959481980924,""own_hit"":0.49278228198536683,""car_hit"":0.5058334981214159,""cross_hit"":0.5008141664970487,""n"":9826},{""asset"":""XRP"",""own_r2"":-0.0026666978890939053,""car_r2"":-0.0016313477303944168,""cross_r2"":-0.002792121471278941,""cross_minus_own_r2"":-0.0001254235821850358,""cross_minus_car_r2"":-0.0011607737408845242,""own_hit"":0.5189835871069804,""car_hit"":0.5266956693691912,""cross_hit"":0.5231019743537554,""n"":9826}]"
300,pca,ccz_short,"1,2,3,5",20,6000,6000,10,real,-0.005063779180047467,-0.005096197121100432,-0.006145112121379859,-0.0010813329413323913,-0.0010489150002794267,0.5208085906571654,0.5226890340459224,0.5207343626286619,4.223800812003275,4.279308088323698,4.2515544501634865,4.223800812003275,4.168293535682853,0.521584379925764,0.1099262824446427,1.0,SOL,-0.00023470489815879958,"[{""asset"":""BTC"",""own_r2"":-0.006495528901099723,""car_r2"":-0.007911150010230017,""cross_r2"":-0.007632228029436305,""cross_minus_own_r2"":-0.0011366991283365824,""cross_minus_car_r2"":0.00027892198079371155,""own_hit"":0.5206848772763262,""car_hit"":0.523258115597783,""cross_hit"":0.5267220902612827,""n"":10104},{""asset"":""ETH"",""own_r2"":-0.00507601215484077,""car_r2"":-0.0067881420266791,""cross_r2"":-0.007335641654289793,""cross_minus_own_r2"":-0.002259629499449023,""cross_minus_car_r2"":-0.0005474996276106925,""own_hit"":0.5283056215360253,""car_hit"":0.5235550277117973,""cross_hit"":0.5239509105304829,""n"":10104},{""asset"":""SOL"",""own_r2"":-0.005087746172160568,""car_r2"":-0.0027678336916217017,""cross_r2"":-0.005322451070319367,""cross_minus_own_r2"":-0.00023470489815879958,""cross_minus_car_r2"":-0.0025546173786976656,""own_hit"":0.5037608867775138,""car_hit"":0.51256927949327,""cross_hit"":0.5004948535233571,""n"":10104},{""asset"":""XRP"",""own_r2"":-0.003595829492088809,""car_r2"":-0.002917662755870909,""cross_r2"":-0.004290127731473969,""cross_minus_own_r2"":-0.0006942982393851604,""cross_minus_car_r2"":-0.0013724649756030605,""own_hit"":0.5304829770387965,""car_hit"":0.5313737133808393,""cross_hit"":0.5317695961995249,""n"":10104}]"
300,pca,ccz_short,"1,2,3,5",20,6000,6000,10,placebo,-0.005063779180047467,-0.005096197121100432,-0.006745644348459479,-0.0016818651684120112,-0.0016494472273590466,0.5208085906571654,0.5226890340459224,0.5201202118989405,4.126593362322998,4.197744436894382,4.162168899608689,4.126593362322998,4.055442287751613,0.5203423833088137,0.14504347073975019,0.9998980735908674,BTC,0.0005299873202371241,"[{""asset"":""BTC"",""own_r2"":-0.006495528901099723,""car_r2"":-0.007911150010230017,""cross_r2"":-0.005965541580862599,""cross_minus_own_r2"":0.0005299873202371241,""cross_minus_car_r2"":0.001945608429367418,""own_hit"":0.5206848772763262,""car_hit"":0.523258115597783,""cross_hit"":0.5258761206193969,""n"":9816},{""asset"":""ETH"",""own_r2"":-0.00507601215484077,""car_r2"":-0.0067881420266791,""cross_r2"":-0.007783514817699455,""cross_minus_own_r2"":-0.002707502662858685,""cross_minus_car_r2"":-0.0009953727910203547,""own_hit"":0.5283056215360253,""car_hit"":0.5235550277117973,""cross_hit"":0.5239405052974735,""n"":9816},{""asset"":""SOL"",""own_r2"":-0.005087746172160568,""car_r2"":-0.0027678336916217017,""cross_r2"":-0.007234321874344474,""cross_minus_own_r2"":-0.002146575702183906,""cross_minus_car_r2"":-0.004466488182722772,""own_hit"":0.5037608867775138,""car_hit"":0.51256927949327,""cross_hit"":0.5060105949470253,""n"":9816},{""asset"":""XRP"",""own_r2"":-0.003595829492088809,""car_r2"":-0.002917662755870909,""cross_r2"":-0.005999199120931387,""cross_minus_own_r2"":-0.0024033696288425777,""cross_minus_car_r2"":-0.0030815363650604777,""own_hit"":0.5304829770387965,""car_hit"":0.5313737133808393,""cross_hit"":0.5246536267318663,""n"":9816}]"
300,pca,ccz_dense,"1,2,3,5,10,15,20,25,30",2,600,3000,10,real,-0.007161916740206387,-0.004288419783334496,-0.0020969638275482594,0.005064952912658127,0.0021914559557862368,0.5031304878979919,0.5116057112315797,0.5099832022600596,0.45569433483880883,0.6089207549567341,0.5323075448977715,0.45569433483880883,0.30246791472088363,0.5112562846254843,0.23407641325683665,0.999083409715857,XRP,0.00615877148157451,"[{""asset"":""BTC"",""own_r2"":-0.007533148801418976,""car_r2"":-0.004214560363738684,""cross_r2"":-0.0026499581893524304,""cross_minus_own_r2"":0.004883190612066546,""cross_minus_car_r2"":0.0015646021743862537,""own_hit"":0.49881652286783235,""car_hit"":0.5204245247003131,""cross_hit"":0.514010842177598,""n"":13097},{""asset"":""ETH"",""own_r2"":-0.0070855409041581385,""car_r2"":-0.0046067807094982705,""cross_r2"":-0.0019717280289244243,""cross_minus_own_r2"":0.005113812875233714,""cross_minus_car_r2"":0.002635052680573846,""own_hit"":0.5028632511262121,""car_hit"":0.511109414369703,""cross_hit"":0.5118729480033596,""n"":13097},{""asset"":""SOL"",""own_r2"":-0.0058106615558979335,""car_r2"":-0.003991142631989852,""cross_r2"":-0.0017066248741401946,""cross_minus_own_r2"":0.004104036681757739,""cross_minus_car_r2"":0.002284517757849658,""own_hit"":0.5066809192944949,""car_hit"":0.5060700923875697,""cross_hit"":0.5054592654806445,""n"":13097},{""asset"":""XRP"",""own_r2"":-0.008218315699350498,""car_r2"":-0.0043411954281111775,""cross_r2"":-0.002059544217775988,""cross_minus_own_r2"":0.00615877148157451,""cross_minus_car_r2"":0.0022816512103351894,""own_hit"":0.5041612583034283,""car_hit"":0.5088188134687333,""cross_hit"":0.5085897533786363,""n"":13097}]"
300,pca,ccz_dense,"1,2,3,5,10,15,20,25,30",2,600,3000,10,placebo,-0.007161916740206387,-0.004288419783334496,-0.0021647110753743593,0.004997205664832027,0.002123708707960137,0.5031304878979919,0.5116057112315797,0.5067530642516981,-0.07079344323320058,0.23749113775020847,0.08334884725850397,-0.07079344323320058,-0.3790780242166095,0.507178317456058,0.4815441752318166,0.9707122774133083,XRP,0.0063802875351504085,"[{""asset"":""BTC"",""own_r2"":-0.007533148801418976,""car_r2"":-0.004214560363738684,""cross_r2"":-0.0024158310193538313,""cross_minus_own_r2"":0.005117317782065145,""cross_minus_car_r2"":0.0017987293443848529,""own_hit"":0.49881652286783235,""car_hit"":0.5204245247003131,""cross_hit"":0.5057381528612694,""n"":12809},{""asset"":""ETH"",""own_r2"":-0.0070855409041581385,""car_r2"":-0.0046067807094982705,""cross_r2"":-0.002516804317211019,""cross_minus_own_r2"":0.00456873658694712,""cross_minus_car_r2"":0.0020899763922872516,""own_hit"":0.5028632511262121,""car_hit"":0.511109414369703,""cross_hit"":0.5112811304551487,""n"":12809},{""asset"":""SOL"",""own_r2"":-0.0058106615558979335,""car_r2"":-0.003991142631989852,""cross_r2"":-0.0018881808007324974,""cross_minus_own_r2"":0.003922480755165436,""cross_minus_car_r2"":0.002102961831257355,""own_hit"":0.5066809192944949,""car_hit"":0.5060700923875697,""cross_hit"":0.505035521898665,""n"":12809},{""asset"":""XRP"",""own_r2"":-0.008218315699350498,""car_r2"":-0.0043411954281111775,""cross_r2"":-0.0018380281642000895,""cross_minus_own_r2"":0.0063802875351504085,""cross_minus_car_r2"":0.002503167263911088,""own_hit"":0.5041612583034283,""car_hit"":0.5088188134687333,""cross_hit"":0.5049574517917089,""n"":12809}]"
300,pca,ccz_dense,"1,2,3,5,10,15,20,25,30",5,1500,3000,10,real,-0.012802015111051779,-0.00902044094998633,-0.005303443773093275,0.007498571337958504,0.0037169971768930554,0.49998090728577976,0.5045249732702002,0.5120093172445395,1.4100044470508215,1.489310461553629,1.4496574543022251,1.4100044470508215,1.330698432548014,0.5128890938436708,0.12117963863214554,0.99992359996944,SOL,0.008471978131343372,"[{""asset"":""BTC"",""own_r2"":-0.012300564064048114,""car_r2"":-0.009056022736769531,""cross_r2"":-0.005248538804988323,""cross_minus_own_r2"":0.007052025259059791,""cross_minus_car_r2"":0.003807483931781208,""own_hit"":0.4886207423247289,""car_hit"":0.5016801588513823,""cross_hit"":0.5130594165266534,""n"":13094},{""asset"":""ETH"",""own_r2"":-0.012180516022638699,""car_r2"":-0.010585395731509628,""cross_r2"":-0.003877381882236408,""cross_minus_own_r2"":0.00830313414040229,""cross_minus_car_r2"":0.00670801384927322,""own_hit"":0.5064151519780052,""car_hit"":0.5071788605468154,""cross_hit"":0.5168015885138231,""n"":13094},{""asset"":""SOL"",""own_r2"":-0.01336812944086252,""car_r2"":-0.007329301336851168,""cross_r2"":-0.004896151309519148,""cross_minus_own_r2"":0.008471978131343372,""cross_minus_car_r2"":0.0024331500273320206,""own_hit"":0.5023674965633115,""car_hit"":0.5008400794256912,""cross_hit"":0.5035894302734076,""n"":13094},{""asset"":""XRP"",""own_r2"":-0.013358850916657783,""car_r2"":-0.009111043994814993,""cross_r2"":-0.0071917030956292205,""cross_minus_own_r2"":0.006167147821028562,""cross_minus_car_r2"":0.001919340899185773,""own_hit"":0.5025202382770735,""car_hit"":0.5084007942569115,""cross_hit"":0.5145868336642737,""n"":13094}]"
300,pca,ccz_dense,"1,2,3,5,10,15,20,25,30",5,1500,3000,10,placebo,-0.012802015111051779,-0.00902044094998633,-0.007050708255270988,0.005751306855780791,0.0019697326947153426,0.49998090728577976,0.5045249732702002,0.5059347181008902,0.2544098720019906,0.41219457727768016,0.3333022246398355,0.2544098720019906,0.09662516672630084,0.5061432355896592,0.24651934266961908,0.9916412780251543,ETH,0.006612875012184549,"[{""asset"":""BTC"",""own_r2"":-0.012300564064048114,""car_r2"":-0.009056022736769531,""cross_r2"":-0.007142500977176391,""cross_minus_own_r2"":0.0051580630868717225,""cross_minus_car_r2"":0.0019135217595931397,""own_hit"":0.4886207423247289,""car_hit"":0.5016801588513823,""cross_hit"":0.5026550054661877,""n"":12806},{""asset"":""ETH"",""own_r2"":-0.012180516022638699,""car_r2"":-0.010585395731509628,""cross_r2"":-0.00556764101045415,""cross_minus_own_r2"":0.006612875012184549,""cross_minus_car_r2"":0.0050177547210554785,""own_hit"":0.5064151519780052,""car_hit"":0.5071788605468154,""cross_hit"":0.5078869280024988,""n"":12806},{""asset"":""SOL"",""own_r2"":-0.01336812944086252,""car_r2"":-0.007329301336851168,""cross_r2"":-0.008540039397917143,""cross_minus_own_r2"":0.004828090042945377,""cross_minus_car_r2"":-0.0012107380610659746,""own_hit"":0.5023674965633115,""car_hit"":0.5008400794256912,""cross_hit"":0.5077307512103701,""n"":12806},{""asset"":""XRP"",""own_r2"":-0.013358850916657783,""car_r2"":-0.009111043994814993,""cross_r2"":-0.006952651635536267,""cross_minus_own_r2"":0.006406199281121516,""cross_minus_car_r2"":0.002158392359278727,""own_hit"":0.5025202382770735,""car_hit"":0.5084007942569115,""cross_hit"":0.5054661877245041,""n"":12806}]"
300,pca,ccz_dense,"1,2,3,5,10,15,20,25,30",10,3000,3000,10,real,-0.017183553557522102,-0.014748350496118279,-0.008708921669327463,0.00847463188819464,0.006039428826790816,0.5009741003896402,0.5039537015814806,0.512319504927802,2.1966519740151385,2.244527946829089,2.2205899604221138,2.1966519740151385,2.1487760012011874,0.5149099318403116,0.07318247143679431,0.975466218281871,SOL,0.010945667225308764,"[{""asset"":""BTC"",""own_r2"":-0.01481699147220028,""car_r2"":-0.015285860821727226,""cross_r2"":-0.007318308288399411,""cross_minus_own_r2"":0.007498683183800869,""cross_minus_car_r2"":0.007967552533327815,""own_hit"":0.4889601955840782,""car_hit"":0.5040874016349607,""cross_hit"":0.5132554053021621,""n"":13089},{""asset"":""ETH"",""own_r2"":-0.017191560552732854,""car_r2"":-0.01752723615607743,""cross_r2"":-0.00796071233863449,""cross_minus_own_r2"":0.009230848214098364,""cross_minus_car_r2"":0.00956652381744294,""own_hit"":0.5096646038658416,""car_hit"":0.5042402016960806,""cross_hit"":0.5180686072274429,""n"":13089},{""asset"":""SOL"",""own_r2"":-0.019285882356558703,""car_r2"":-0.013013697456944362,""cross_r2"":-0.00834021513124994,""cross_minus_own_r2"":0.010945667225308764,""cross_minus_car_r2"":0.0046734823256944225,""own_hit"":0.5054626021850409,""car_hit"":0.50026740010696,""cross_hit"":0.5015662006264803,""n"":13089},{""asset"":""XRP"",""own_r2"":-0.01743977984859657,""car_r2"":-0.013166607549724096,""cross_r2"":-0.011216450919026011,""cross_minus_own_r2"":0.00622332892957056,""cross_minus_car_r2"":0.0019501566306980855,""own_hit"":0.49980899992359995,""car_hit"":0.5072198028879211,""cross_hit"":0.5163878065551226,""n"":13089}]"
300,pca,ccz_dense,"1,2,3,5,10,15,20,25,30",10,3000,3000,10,placebo,-0.017183553557522102,-0.014748350496118279,-0.011305578343710598,0.005877975213811504,0.0034427721524076804,0.5009741003896402,0.5039537015814806,0.5014842590422623,0.990978699221345,1.048821727865206,1.0199002135432755,0.990978699221345,0.9331356705774829,0.5011330038630036,0.09040798475126902,1.0,SOL,0.012316741562586886,"[{""asset"":""BTC"",""own_r2"":-0.01481699147220028,""car_r2"":-0.015285860821727226,""cross_r2"":-0.011190144304384031,""cross_minus_own_r2"":0.0036268471678162495,""cross_minus_car_r2"":0.004095716517343195,""own_hit"":0.4889601955840782,""car_hit"":0.5040874016349607,""cross_hit"":0.49261776423716896,""n"":12801},{""asset"":""ETH"",""own_r2"":-0.017191560552732854,""car_r2"":-0.01752723615607743,""cross_r2"":-0.010073763527009838,""cross_minus_own_r2"":0.007117797025723016,""cross_minus_car_r2"":0.007453472629067592,""own_hit"":0.5096646038658416,""car_hit"":0.5042402016960806,""cross_hit"":0.5061323334114523,""n"":12801},{""asset"":""SOL"",""own_r2"":-0.019285882356558703,""car_r2"":-0.013013697456944362,""cross_r2"":-0.0069691407939718175,""cross_minus_own_r2"":0.012316741562586886,""cross_minus_car_r2"":0.0060445566629725445,""own_hit"":0.5054626021850409,""car_hit"":0.50026740010696,""cross_hit"":0.5012889617998594,""n"":12801},{""asset"":""XRP"",""own_r2"":-0.01743977984859657,""car_r2"":-0.013166607549724096,""cross_r2"":-0.016989264749476707,""cross_minus_own_r2"":0.00045051509911986365,""cross_minus_car_r2"":-0.0038226571997526104,""own_hit"":0.49980899992359995,""car_hit"":0.5072198028879211,""cross_hit"":0.5058979767205687,""n"":12801}]"
300,pca,ccz_dense,"1,2,3,5,10,15,20,25,30",20,6000,3000,10,real,-0.02377004268144478,-0.01642526359035057,-0.01383842353623721,0.00993161914520757,0.0025868400541133596,0.5089265234345133,0.5141639269057268,0.5189043504855111,4.233942395631835,4.266733326175102,4.250337860903468,4.233942395631835,4.201151465088565,0.5196281395257998,0.05016204764153065,0.9999235123145174,SOL,0.013180276874812158,"[{""asset"":""BTC"",""own_r2"":-0.01876136469455325,""car_r2"":-0.020854743815162724,""cross_r2"":-0.013285230723665942,""cross_minus_own_r2"":0.005476133970887309,""cross_minus_car_r2"":0.007569513091496782,""own_hit"":0.5069959477024237,""car_hit"":0.5169355455310038,""cross_hit"":0.5207584677727655,""n"":13079},{""asset"":""ETH"",""own_r2"":-0.02203323998818174,""car_r2"":-0.014869861571259468,""cross_r2"":-0.013055362418116445,""cross_minus_own_r2"":0.008977877570065296,""cross_minus_car_r2"":0.0018144991531430232,""own_hit"":0.5167061701964982,""car_hit"":0.5224405535591407,""cross_hit"":0.5245813900145271,""n"":13079},{""asset"":""SOL"",""own_r2"":-0.027537731090140127,""car_r2"":-0.017535435058709803,""cross_r2"":-0.01435745421532797,""cross_minus_own_r2"":0.013180276874812158,""cross_minus_car_r2"":0.0031779808433818335,""own_hit"":0.5102072023855034,""car_hit"":0.5081428243749522,""cross_hit"":0.5035553176848383,""n"":13079},{""asset"":""XRP"",""own_r2"":-0.026747834952904004,""car_r2"":-0.012441013916270283,""cross_r2"":-0.014655646787838483,""cross_minus_own_r2"":0.01209218816506552,""cross_minus_car_r2"":-0.0022146328715682007,""own_hit"":0.5017967734536279,""car_hit"":0.5091367841578103,""cross_hit"":0.5267222264699136,""n"":13079}]"
300,pca,ccz_dense,"1,2,3,5,10,15,20,25,30",20,6000,3000,10,placebo,-0.02377004268144478,-0.01642526359035057,-0.02443572400105226,-0.0006656813196074807,-0.008010460410701692,0.5089265234345133,0.5141639269057268,0.505628957860996,1.4924566783167839,1.5329349330656432,1.5126958056912136,1.4924566783167839,1.4519784235679245,0.5057628482349391,0.06331652549485299,1.0,SOL,0.011189497959598782,"[{""asset"":""BTC"",""own_r2"":-0.01876136469455325,""car_r2"":-0.020854743815162724,""cross_r2"":-0.022999620380783847,""cross_minus_own_r2"":-0.0042382556862305965,""cross_minus_car_r2"":-0.0021448765656211233,""own_hit"":0.5069959477024237,""car_hit"":0.5169355455310038,""cross_hit"":0.5001172699554374,""n"":12791},{""asset"":""ETH"",""own_r2"":-0.02203323998818174,""car_r2"":-0.014869861571259468,""cross_r2"":-0.022164701200621417,""cross_minus_own_r2"":-0.00013146121243967634,""cross_minus_car_r2"":-0.007294839629361949,""own_hit"":0.5167061701964982,""car_hit"":0.5224405535591407,""cross_hit"":0.505824407786725,""n"":12791},{""asset"":""SOL"",""own_r2"":-0.027537731090140127,""car_r2"":-0.017535435058709803,""cross_r2"":-0.016348233130541345,""cross_minus_own_r2"":0.011189497959598782,""cross_minus_car_r2"":0.0011872019281684576,""own_hit"":0.5102072023855034,""car_hit"":0.5081428243749522,""cross_hit"":0.4999609100148542,""n"":12791},{""asset"":""XRP"",""own_r2"":-0.026747834952904004,""car_r2"":-0.012441013916270283,""cross_r2"":-0.036230341292262436,""cross_minus_own_r2"":-0.009482506339358432,""cross_minus_car_r2"":-0.023789327375992153,""own_hit"":0.5017967734536279,""car_hit"":0.5091367841578103,""cross_hit"":0.5166132436869674,""n"":12791}]"
300,pca,ccz_dense,"1,2,3,5,10,15,20,25,30",2,600,6000,10,real,-0.0030672843423298346,-0.0019397345297603175,-0.0006409142511887844,0.00242637009114105,0.001298820278571533,0.5050757650787363,0.5114638011290482,0.5106219669208676,0.4452095215153893,0.4784374281691835,0.4618234748422864,0.4452095215153893,0.41198161486159524,0.5119496855345912,0.06584999336859712,0.9658145065398336,SOL,0.003237296979851312,"[{""asset"":""BTC"",""own_r2"":-0.002769721481289622,""car_r2"":-0.0019405404944183857,""cross_r2"":-0.0006293336615261769,""cross_minus_own_r2"":0.002140387819763445,""cross_minus_car_r2"":0.0013112068328922089,""own_hit"":0.5037139744478558,""car_hit"":0.5140140635832425,""cross_hit"":0.5136179063088046,""n"":10097},{""asset"":""ETH"",""own_r2"":-0.0016665069203334326,""car_r2"":-0.002242630108599597,""cross_r2"":-0.0005707978238311817,""cross_minus_own_r2"":0.001095709096502251,""cross_minus_car_r2"":0.0016718322847684153,""own_hit"":0.5133207883529761,""car_hit"":0.5134198276715857,""cross_hit"":0.5129246310785381,""n"":10097},{""asset"":""SOL"",""own_r2"":-0.0036016882580163223,""car_r2"":-0.001284427771196306,""cross_r2"":-0.0003643912781650105,""cross_minus_own_r2"":0.003237296979851312,""cross_minus_car_r2"":0.0009200364930312954,""own_hit"":0.501535109438447,""car_hit"":0.5066851540061404,""cross_hit"":0.5026245419431514,""n"":10097},{""asset"":""XRP"",""own_r2"":-0.0042312207096799614,""car_r2"":-0.0022913397448269812,""cross_r2"":-0.0009991342412327686,""cross_minus_own_r2"":0.003232086468447193,""cross_minus_car_r2"":0.0012922055035942126,""own_hit"":0.501733188075666,""car_hit"":0.5117361592552243,""cross_hit"":0.5133207883529761,""n"":10097}]"
300,pca,ccz_dense,"1,2,3,5,10,15,20,25,30",2,600,6000,10,placebo,-0.0030672843423298346,-0.0019397345297603175,-0.001033642764521614,0.0020336415778082206,0.0009060917652387035,0.5050757650787363,0.5114638011290482,0.5060658578856152,-0.11634469623429633,0.14798883281977387,0.0158220682927388,-0.11634469623429633,-0.38067822528836676,0.5096350772668032,0.5392360853816204,0.9973480212158303,SOL,0.003250112125003035,"[{""asset"":""BTC"",""own_r2"":-0.002769721481289622,""car_r2"":-0.0019405404944183857,""cross_r2"":-0.0010458111099245215,""cross_minus_own_r2"":0.0017239103713651005,""cross_minus_car_r2"":0.0008947293844938642,""own_hit"":0.5037139744478558,""car_hit"":0.5140140635832425,""cross_hit"":0.5113671118360689,""n"":9809},{""asset"":""ETH"",""own_r2"":-0.0016665069203334326,""car_r2"":-0.002242630108599597,""cross_r2"":-0.001548222670084698,""cross_minus_own_r2"":0.00011828425024873468,""cross_minus_car_r2"":0.0006944074385148991,""own_hit"":0.5133207883529761,""car_hit"":0.5134198276715857,""cross_hit"":0.5069833826078092,""n"":9809},{""asset"":""SOL"",""own_r2"":-0.0036016882580163223,""car_r2"":-0.001284427771196306,""cross_r2"":-0.00035157613301328716,""cross_minus_own_r2"":0.003250112125003035,""cross_minus_car_r2"":0.0009328516381830187,""own_hit"":0.501535109438447,""car_hit"":0.5066851540061404,""cross_hit"":0.5027016005709043,""n"":9809},{""asset"":""XRP"",""own_r2"":-0.0042312207096799614,""car_r2"":-0.0022913397448269812,""cross_r2"":-0.0011889611450639492,""cross_minus_own_r2"":0.003042259564616012,""cross_minus_car_r2"":0.001102378599763032,""own_hit"":0.501733188075666,""car_hit"":0.5117361592552243,""cross_hit"":0.5032113365276787,""n"":9809}]"
300,pca,ccz_dense,"1,2,3,5,10,15,20,25,30",5,1500,6000,10,real,-0.0038807562603712653,-0.006546339644203647,-0.0019238891574271944,0.001956867102944071,0.004622450486776453,0.505374479889043,0.5096096691103625,0.5157271646522688,0.9219513353823462,0.9830468025951665,0.9524990689887562,0.9219513353823462,0.8608558681695255,0.5165061255026653,0.12111302847223807,0.99980176429775,XRP,0.003988805255161099,"[{""asset"":""BTC"",""own_r2"":-0.003338272508271123,""car_r2"":-0.00753406624155728,""cross_r2"":-0.00191982110831046,""cross_minus_own_r2"":0.001418451399960663,""cross_minus_car_r2"":0.00561424513324682,""own_hit"":0.502575787596592,""car_hit"":0.5129780067366753,""cross_hit"":0.5163463443629879,""n"":10094},{""asset"":""ETH"",""own_r2"":-0.0015985714293842435,""car_r2"":-0.009438475987709971,""cross_r2"":-0.002974016471401608,""cross_minus_own_r2"":-0.0013754450420173647,""cross_minus_car_r2"":0.006464459516308363,""own_hit"":0.5149593818109768,""car_hit"":0.5095106003566475,""cross_hit"":0.5192193382207252,""n"":10094},{""asset"":""SOL"",""own_r2"":-0.004875369630267912,""car_r2"":-0.0042861193014605,""cross_r2"":-0.0010797128315960247,""cross_minus_own_r2"":0.003795656798671887,""cross_minus_car_r2"":0.0032064064698644756,""own_hit"":0.5008916187834357,""car_hit"":0.5007925500297207,""cross_hit"":0.5051515751931841,""n"":10094},{""asset"":""XRP"",""own_r2"":-0.005710811473561783,""car_r2"":-0.0049266970460868365,""cross_r2"":-0.0017220062184006846,""cross_minus_own_r2"":0.003988805255161099,""cross_minus_car_r2"":0.003204690827686152,""own_hit"":0.5030711313651675,""car_hit"":0.5151575193184069,""cross_hit"":0.5221914008321775,""n"":10094}]"
300,pca,ccz_dense,"1,2,3,5,10,15,20,25,30",5,1500,6000,10,placebo,-0.0038807562603712653,-0.006546339644203647,-0.004595086481650079,-0.0007143302212788138,0.0019512531625535678,0.505374479889043,0.5096096691103625,0.5079798082806445,0.3816831948516456,0.487562371308043,0.43462278307984425,0.3816831948516456,0.27580401839524804,0.5070654661986876,0.21605790522680843,0.9988776655443322,XRP,0.003449065616875746,"[{""asset"":""BTC"",""own_r2"":-0.003338272508271123,""car_r2"":-0.00753406624155728,""cross_r2"":-0.0015127405102637326,""cross_minus_own_r2"":0.0018255319980073903,""cross_minus_car_r2"":0.0060213257312935475,""own_hit"":0.502575787596592,""car_hit"":0.5129780067366753,""cross_hit"":0.5138690597593311,""n"":9806},{""asset"":""ETH"",""own_r2"":-0.0015985714293842435,""car_r2"":-0.009438475987709971,""cross_r2"":-0.0047274736969527,""cross_minus_own_r2"":-0.0031289022675684564,""cross_minus_car_r2"":0.004711002290757271,""own_hit"":0.5149593818109768,""car_hit"":0.5095106003566475,""cross_hit"":0.5055068325514991,""n"":9806},{""asset"":""SOL"",""own_r2"":-0.004875369630267912,""car_r2"":-0.0042861193014605,""cross_r2"":-0.009878385862697847,""cross_minus_own_r2"":-0.005003016232429935,""cross_minus_car_r2"":-0.005592266561237347,""own_hit"":0.5008916187834357,""car_hit"":0.5007925500297207,""cross_hit"":0.4942892106873343,""n"":9806},{""asset"":""XRP"",""own_r2"":-0.005710811473561783,""car_r2"":-0.0049266970460868365,""cross_r2"":-0.002261745856686037,""cross_minus_own_r2"":0.003449065616875746,""cross_minus_car_r2"":0.0026649511894007993,""own_hit"":0.5030711313651675,""car_hit"":0.5151575193184069,""cross_hit"":0.5182541301244136,""n"":9806}]"
300,pca,ccz_dense,"1,2,3,5,10,15,20,25,30",10,3000,6000,10,real,-0.004759769838854178,-0.010766836948849168,-0.0041959180505286575,0.0005638517883255201,0.00657091889832051,0.5069630290415303,0.5143720884131233,0.5210377639012785,2.2513115141226057,2.316994204390097,2.2841528592563516,2.2513115141226057,2.185628823855114,0.5215372641636027,0.13027110326753644,1.0,SOL,0.004675248014150091,"[{""asset"":""BTC"",""own_r2"":-0.004103344741859916,""car_r2"":-0.010877675177485946,""cross_r2"":-0.006086784978117876,""cross_minus_own_r2"":-0.0019834402362579606,""cross_minus_car_r2"":0.00479089019936807,""own_hit"":0.5086728119734364,""car_hit"":0.5247299038556844,""cross_hit"":0.5259193180691842,""n"":10089},{""asset"":""ETH"",""own_r2"":-0.0030495650526298768,""car_r2"":-0.015396364890863268,""cross_r2"":-0.005671755826629932,""cross_minus_own_r2"":-0.002622190774000055,""cross_minus_car_r2"":0.009724609064233336,""own_hit"":0.5171969471701854,""car_hit"":0.5194766577460601,""cross_hit"":0.5242343146000594,""n"":10089},{""asset"":""SOL"",""own_r2"":-0.0059247261277897145,""car_r2"":-0.007174825897078518,""cross_r2"":-0.0012494781136396238,""cross_minus_own_r2"":0.004675248014150091,""cross_minus_car_r2"":0.005925347783438895,""own_hit"":0.4940033700069382,""car_hit"":0.503716919417187,""cross_hit"":0.5086728119734364,""n"":10089},{""asset"":""XRP"",""own_r2"":-0.0059614434331372035,""car_r2"":-0.009618481829968939,""cross_r2"":-0.0037756532837271983,""cross_minus_own_r2"":0.002185790149410005,""cross_minus_car_r2"":0.005842828546241741,""own_hit"":0.5079789870155615,""car_hit"":0.5095648726335613,""cross_hit"":0.5253246109624343,""n"":10089}]"
300,pca,ccz_dense,"1,2,3,5,10,15,20,25,30",10,3000,6000,10,placebo,-0.004759769838854178,-0.010766836948849168,-0.005637189180613622,-0.0008774193417594445,0.005129647768235546,0.5069630290415303,0.5143720884131233,0.5145648403224161,2.2066151807390706,2.262378718000127,2.234496949369598,2.2066151807390706,2.150851643478014,0.5141142663962136,0.1138496064946032,1.0,XRP,0.0034155790959236043,"[{""asset"":""BTC"",""own_r2"":-0.004103344741859916,""car_r2"":-0.010877675177485946,""cross_r2"":-0.00489597881215742,""cross_minus_own_r2"":-0.0007926340702975043,""cross_minus_car_r2"":0.005981696365328526,""own_hit"":0.5086728119734364,""car_hit"":0.5247299038556844,""cross_hit"":0.5127027854300582,""n"":9801},{""asset"":""ETH"",""own_r2"":-0.0030495650526298768,""car_r2"":-0.015396364890863268,""cross_r2"":-0.0030475064288697506,""cross_minus_own_r2"":2.0586237601261104e-06,""cross_minus_car_r2"":0.012348858461993517,""own_hit"":0.5171969471701854,""car_hit"":0.5194766577460601,""cross_hit"":0.5227017651260075,""n"":9801},{""asset"":""SOL"",""own_r2"":-0.0059247261277897145,""car_r2"":-0.007174825897078518,""cross_r2"":-0.012059407144213719,""cross_minus_own_r2"":-0.006134681016424004,""cross_minus_car_r2"":-0.0048845812471352,""own_hit"":0.4940033700069382,""car_hit"":0.503716919417187,""cross_hit"":0.49637792062034486,""n"":9801},{""asset"":""XRP"",""own_r2"":-0.0059614434331372035,""car_r2"":-0.009618481829968939,""cross_r2"":-0.002545864337213599,""cross_minus_own_r2"":0.0034155790959236043,""cross_minus_car_r2"":0.00707261749275534,""own_hit"":0.5079789870155615,""car_hit"":0.5095648726335613,""cross_hit"":0.5264768901132537,""n"":9801}]"
300,pca,ccz_dense,"1,2,3,5,10,15,20,25,30",20,6000,6000,10,real,-0.00895451823088178,-0.015679751420445476,-0.009247177281177799,-0.000292659050296018,0.006432574139267677,0.5213066772497271,0.5259698382776069,0.5284750471276912,5.188062580565738,5.2460663337803615,5.217064457173049,5.188062580565738,5.130058827351114,0.5282809516437013,0.11515535678900807,1.0,SOL,0.00614026458144612,"[{""asset"":""BTC"",""own_r2"":-0.008327722619820177,""car_r2"":-0.014227585559124734,""cross_r2"":-0.013418660264205018,""cross_minus_own_r2"":-0.005090937644384841,""cross_minus_car_r2"":0.0008089252949197157,""own_hit"":0.5267387637662466,""car_hit"":0.5344776267486854,""cross_hit"":0.5291199523762278,""n"":10079},{""asset"":""ETH"",""own_r2"":-0.006804533481408637,""car_r2"":-0.02015632606332063,""cross_r2"":-0.011175932370897979,""cross_minus_own_r2"":-0.004371398889489342,""cross_minus_car_r2"":0.00898039369242265,""own_hit"":0.529318384760393,""car_hit"":0.5319972219466217,""cross_hit"":0.5337831134041076,""n"":10079},{""asset"":""SOL"",""own_r2"":-0.010251172533594533,""car_r2"":-0.012476001679372795,""cross_r2"":-0.004110907952148413,""cross_minus_own_r2"":0.00614026458144612,""cross_minus_car_r2"":0.008365093727224382,""own_hit"":0.5126500644905249,""car_hit"":0.511955551145947,""cross_hit"":0.513939874987598,""n"":10079},{""asset"":""XRP"",""own_r2"":-0.010434644288703776,""car_r2"":-0.015859092379963746,""cross_r2"":-0.008283208537459785,""cross_minus_own_r2"":0.0021514357512439908,""cross_minus_car_r2"":0.007575883842503961,""own_hit"":0.5165194959817442,""car_hit"":0.5254489532691735,""cross_hit"":0.5370572477428316,""n"":10079}]"
300,pca,ccz_dense,"1,2,3,5,10,15,20,25,30",20,6000,6000,10,placebo,-0.00895451823088178,-0.015679751420445476,-0.01553822040559033,-0.00658370217470855,0.0001415310148551452,0.5213066772497271,0.5259698382776069,0.5227504851394138,2.886377587157673,2.930146654599304,2.908262120878488,2.886377587157673,2.842608519716043,0.5235902407497173,0.08945241659846806,1.0,XRP,0.0012957963781443649,"[{""asset"":""BTC"",""own_r2"":-0.008327722619820177,""car_r2"":-0.014227585559124734,""cross_r2"":-0.015898693884956128,""cross_minus_own_r2"":-0.007570971265135951,""cross_minus_car_r2"":-0.0016711083258313941,""own_hit"":0.5267387637662466,""car_hit"":0.5344776267486854,""cross_hit"":0.5317127974670616,""n"":9791},{""asset"":""ETH"",""own_r2"":-0.006804533481408637,""car_r2"":-0.02015632606332063,""cross_r2"":-0.009496248762451254,""cross_minus_own_r2"":-0.002691715281042617,""cross_minus_car_r2"":0.010660077300869375,""own_hit"":0.529318384760393,""car_hit"":0.5319972219466217,""cross_hit"":0.5304871821060158,""n"":9791},{""asset"":""SOL"",""own_r2"":-0.010251172533594533,""car_r2"":-0.012476001679372795,""cross_r2"":-0.02761909106439453,""cross_minus_own_r2"":-0.017367918530799997,""cross_minus_car_r2"":-0.015143089385021735,""own_hit"":0.5126500644905249,""car_hit"":0.511955551145947,""cross_hit"":0.4961699519967317,""n"":9791},{""asset"":""XRP"",""own_r2"":-0.010434644288703776,""car_r2"":-0.015859092379963746,""cross_r2"":-0.009138847910559411,""cross_minus_own_r2"":0.0012957963781443649,""cross_minus_car_r2"":0.006720244469404335,""own_hit"":0.5165194959817442,""car_hit"":0.5254489532691735,""cross_hit"":0.532632008987846,""n"":9791}]"
300,pca,ccz_long,"1,2,3,5,10,20,30,45,60,90,120",2,600,3000,10,real,-0.009638043855974943,-0.004221566995236514,-0.0018628377165687549,0.007775206139406188,0.0023587292786677594,0.5004228492350273,0.5103021449988467,0.5088413930960253,0.5484432996282427,0.6663620354566195,0.6074026675424311,0.5484432996282427,0.4305245637998658,0.5107772903714457,0.1813855342691538,0.9990001538224889,SOL,0.009128237183364751,"[{""asset"":""BTC"",""own_r2"":-0.008778392467510221,""car_r2"":-0.00271265622270489,""cross_r2"":-0.0020528302297717627,""cross_minus_own_r2"":0.006725562237738458,""cross_minus_car_r2"":0.0006598259929331274,""own_hit"":0.4961943568847544,""car_hit"":0.5179518720688859,""cross_hit"":0.5136464980395172,""n"":13007},{""asset"":""ETH"",""own_r2"":-0.00860034780258001,""car_r2"":-0.004963351343413747,""cross_r2"":-0.0023127529518460754,""cross_minus_own_r2"":0.006287594850733935,""cross_minus_car_r2"":0.002650598391567671,""own_hit"":0.49811639886215114,""car_hit"":0.5153378949796263,""cross_hit"":0.5092642423310525,""n"":13007},{""asset"":""SOL"",""own_r2"":-0.01049763491099176,""car_r2"":-0.004361671619840912,""cross_r2"":-0.0013693977276270086,""cross_minus_own_r2"":0.009128237183364751,""cross_minus_car_r2"":0.0029922738922139036,""own_hit"":0.5091873606519567,""car_hit"":0.5013454293841777,""cross_hit"":0.505420158376259,""n"":13007},{""asset"":""XRP"",""own_r2"":-0.010675800242817779,""car_r2"":-0.004848588794986508,""cross_r2"":-0.0017163699570301727,""cross_minus_own_r2"":0.008959430285787606,""cross_minus_car_r2"":0.0031322188379563354,""own_hit"":0.498193280541247,""car_hit"":0.506573383562697,""cross_hit"":0.5070346736372723,""n"":13007}]"
300,pca,ccz_long,"1,2,3,5,10,20,30,45,60,90,120",2,600,3000,10,placebo,-0.009638043855974943,-0.004221566995236514,-0.002864539723807069,0.0067735041321678735,0.0013570272714294451,0.5004228492350273,0.5103021449988467,0.5032431794952433,-0.07432163953507387,0.19076750060038627,0.058222930532656314,-0.07432163953507387,-0.339410779670534,0.5042775968843772,0.41700352388777745,0.9985842378480415,XRP,0.008255307848442417,"[{""asset"":""BTC"",""own_r2"":-0.008778392467510221,""car_r2"":-0.00271265622270489,""cross_r2"":-0.0030525029855268393,""cross_minus_own_r2"":0.005725889481983382,""cross_minus_car_r2"":-0.00033984676282194926,""own_hit"":0.4961943568847544,""car_hit"":0.5179518720688859,""cross_hit"":0.5061718688576146,""n"":12719},{""asset"":""ETH"",""own_r2"":-0.00860034780258001,""car_r2"":-0.004963351343413747,""cross_r2"":-0.0032165955230787358,""cross_minus_own_r2"":0.005383752279501275,""cross_minus_car_r2"":0.0017467558203350109,""own_hit"":0.49811639886215114,""car_hit"":0.5153378949796263,""cross_hit"":0.5050711533925623,""n"":12719},{""asset"":""SOL"",""own_r2"":-0.01049763491099176,""car_r2"":-0.004361671619840912,""cross_r2"":-0.0027685679922473394,""cross_minus_own_r2"":0.0077290669187444205,""cross_minus_car_r2"":0.0015931036275935728,""own_hit"":0.5091873606519567,""car_hit"":0.5013454293841777,""cross_hit"":0.4988599732683387,""n"":12719},{""asset"":""XRP"",""own_r2"":-0.010675800242817779,""car_r2"":-0.004848588794986508,""cross_r2"":-0.002420492394375362,""cross_minus_own_r2"":0.008255307848442417,""cross_minus_car_r2"":0.002428096400611146,""own_hit"":0.498193280541247,""car_hit"":0.506573383562697,""cross_hit"":0.5028697224624578,""n"":12719}]"
300,pca,ccz_long,"1,2,3,5,10,20,30,45,60,90,120",5,1500,3000,10,real,-0.01931904417418806,-0.009363399610231304,-0.005990948251356598,0.013328095922831462,0.0033724513588747063,0.5000384497077822,0.509227929867733,0.5112849892340818,1.1154287051613423,1.1799991334602635,1.1477139193108026,1.1154287051613423,1.0508582768624208,0.5129834126507415,0.09934676251853432,1.0,SOL,0.017265475061959412,"[{""asset"":""BTC"",""own_r2"":-0.018491198936118725,""car_r2"":-0.005632364620043795,""cross_r2"":-0.005446115773690918,""cross_minus_own_r2"":0.013045083162427806,""cross_minus_car_r2"":0.00018624884635287664,""own_hit"":0.49530913565056905,""car_hit"":0.513764995386035,""cross_hit"":0.5183789603199016,""n"":13004},{""asset"":""ETH"",""own_r2"":-0.016826080449974468,""car_r2"":-0.01057755667637994,""cross_r2"":-0.004544871986300825,""cross_minus_own_r2"":0.012281208463673643,""cross_minus_car_r2"":0.006032684690079115,""own_hit"":0.5025376807136266,""car_hit"":0.5186096585665949,""cross_hit"":0.5155336819440173,""n"":13004},{""asset"":""SOL"",""own_r2"":-0.0218789818116365,""car_r2"":-0.010435264295110214,""cross_r2"":-0.004613506749677088,""cross_minus_own_r2"":0.017265475061959412,""cross_minus_car_r2"":0.005821757545433126,""own_hit"":0.502614580129191,""car_hit"":0.5,""cross_hit"":0.50207628422024,""n"":13004},{""asset"":""XRP"",""own_r2"":-0.02007991549902255,""car_r2"":-0.010808412849391269,""cross_r2"":-0.009359298495757562,""cross_minus_own_r2"":0.010720617003264987,""cross_minus_car_r2"":0.001449114353633707,""own_hit"":0.49969240233774226,""car_hit"":0.504537065518302,""cross_hit"":0.5091510304521686,""n"":13004}]"
300,pca,ccz_long,"1,2,3,5,10,20,30,45,60,90,120",5,1500,3000,10,placebo,-0.01931904417418806,-0.009363399610231304,-0.007963071058264937,0.011355973115923124,0.0014003285519663677,0.5000384497077822,0.509227929867733,0.5049543881723813,0.7138791176014424,0.8078414301189609,0.7608602738602019,0.7138791176014424,0.6199168050839241,0.5048778199896815,0.14784409175913552,0.9987412477381795,SOL,0.017397719064861983,"[{""asset"":""BTC"",""own_r2"":-0.018491198936118725,""car_r2"":-0.005632364620043795,""cross_r2"":-0.007734662842978635,""cross_minus_own_r2"":0.01075653609314009,""cross_minus_car_r2"":-0.0021022982229348397,""own_hit"":0.49530913565056905,""car_hit"":0.513764995386035,""cross_hit"":0.4991349480968858,""n"":12716},{""asset"":""ETH"",""own_r2"":-0.016826080449974468,""car_r2"":-0.01057755667637994,""cross_r2"":-0.007572234931132904,""cross_minus_own_r2"":0.009253845518841564,""cross_minus_car_r2"":0.003005321745247036,""own_hit"":0.5025376807136266,""car_hit"":0.5186096585665949,""cross_hit"":0.5096728530984587,""n"":12716},{""asset"":""SOL"",""own_r2"":-0.0218789818116365,""car_r2"":-0.010435264295110214,""cross_r2"":-0.004481262746774517,""cross_minus_own_r2"":0.017397719064861983,""cross_minus_car_r2"":0.005954001548335697,""own_hit"":0.502614580129191,""car_hit"":0.5,""cross_hit"":0.4998427178357974,""n"":12716},{""asset"":""XRP"",""own_r2"":-0.02007991549902255,""car_r2"":-0.010808412849391269,""cross_r2"":-0.012064123712173691,""cross_minus_own_r2"":0.008015791786848858,""cross_minus_car_r2"":-0.001255710862782422,""own_hit"":0.49969240233774226,""car_hit"":0.504537065518302,""cross_hit"":0.5111670336583831,""n"":12716}]"
300,pca,ccz_long,"1,2,3,5,10,20,30,45,60,90,120",10,3000,3000,10,real,-0.03127410142096565,-0.013099648046038581,-0.014877009054482526,0.016397092366483124,-0.001777361008443945,0.4959227632894838,0.5084237249019155,0.5105008077544426,2.6818354630942673,2.7438158620079403,2.7128256625511042,2.6818354630942673,2.6198550641805944,0.5107958305757776,0.0953984899394688,1.0,BTC,0.019900393385188675,"[{""asset"":""BTC"",""own_r2"":-0.027910312155117856,""car_r2"":-0.009733370766847438,""cross_r2"":-0.00800991876992918,""cross_minus_own_r2"":0.019900393385188675,""cross_minus_car_r2"":0.0017234519969182571,""own_hit"":0.4858066005077314,""car_hit"":0.5159627663666436,""cross_hit"":0.5155781213939534,""n"":12999},{""asset"":""ETH"",""own_r2"":-0.028003605395666042,""car_r2"":-0.014926043540901102,""cross_r2"":-0.008141924837749226,""cross_minus_own_r2"":0.019861680557916817,""cross_minus_car_r2"":0.006784118703151876,""own_hit"":0.4973459496884376,""car_hit"":0.5147319024540349,""cross_hit"":0.5126548196015078,""n"":12999},{""asset"":""SOL"",""own_r2"":-0.03770686948244539,""car_r2"":-0.013100789186478279,""cross_r2"":-0.0262546136080144,""cross_minus_own_r2"":0.011452255874430994,""cross_minus_car_r2"":-0.01315382442153612,""own_hit"":0.5066543580275406,""car_hit"":0.5008846834371875,""cross_hit"":0.5006538964535734,""n"":12999},{""asset"":""XRP"",""own_r2"":-0.03147561865063331,""car_r2"":-0.014638388689927506,""cross_r2"":-0.0171015790022373,""cross_minus_own_r2"":0.014374039648396009,""cross_minus_car_r2"":-0.002463190312309793,""own_hit"":0.4938841449342257,""car_hit"":0.5021155473497961,""cross_hit"":0.5131163935687361,""n"":12999}]"
300,pca,ccz_long,"1,2,3,5,10,20,30,45,60,90,120",10,3000,3000,10,placebo,-0.03127410142096565,-0.013099648046038581,-0.013552732309291715,0.017721369111673935,-0.000453084263253134,0.4959227632894838,0.5084237249019155,0.5053890331209189,0.6779298938248453,0.714914082156656,0.6964219879907507,0.6779298938248453,0.6409457054930341,0.50393051857487,0.05821531297310075,0.9992129702502754,SOL,0.029501056353120614,"[{""asset"":""BTC"",""own_r2"":-0.027910312155117856,""car_r2"":-0.009733370766847438,""cross_r2"":-0.012206001007704081,""cross_minus_own_r2"":0.015704311147413774,""cross_minus_car_r2"":-0.0024726302408566436,""own_hit"":0.4858066005077314,""car_hit"":0.5159627663666436,""cross_hit"":0.4977578475336323,""n"":12711},{""asset"":""ETH"",""own_r2"":-0.028003605395666042,""car_r2"":-0.014926043540901102,""cross_r2"":-0.013314310095868587,""cross_minus_own_r2"":0.014689295299797456,""cross_minus_car_r2"":0.001611733445032515,""own_hit"":0.4973459496884376,""car_hit"":0.5147319024540349,""cross_hit"":0.5093226339391078,""n"":12711},{""asset"":""SOL"",""own_r2"":-0.03770686948244539,""car_r2"":-0.013100789186478279,""cross_r2"":-0.00820581312932478,""cross_minus_own_r2"":0.029501056353120614,""cross_minus_car_r2"":0.0048949760571534995,""own_hit"":0.5066543580275406,""car_hit"":0.5008846834371875,""cross_hit"":0.5020061364172764,""n"":12711},{""asset"":""XRP"",""own_r2"":-0.03147561865063331,""car_r2"":-0.014638388689927506,""cross_r2"":-0.020484805004269413,""cross_minus_own_r2"":0.010990813646363895,""cross_minus_car_r2"":-0.005846416314341907,""own_hit"":0.4938841449342257,""car_hit"":0.5021155473497961,""cross_hit"":0.5124695145936591,""n"":12711}]"
300,pca,ccz_long,"1,2,3,5,10,20,30,45,60,90,120",20,6000,3000,10,real,-0.04676083840820361,-0.017486087402274753,-0.034176518176614656,0.012584320231588952,-0.016690430774339904,0.5000384941104011,0.5208060666717993,0.5129340210947725,2.851562008492469,2.918380169867117,2.8849710891797926,2.851562008492469,2.784743847117821,0.5136325250331765,0.10292384684942629,1.0,XRP,0.025640055996496658,"[{""asset"":""BTC"",""own_r2"":-0.039159258803024066,""car_r2"":-0.014307110766261122,""cross_r2"":-0.041498228648436,""cross_minus_own_r2"":-0.002338969845411931,""cross_minus_car_r2"":-0.027191117882174876,""own_hit"":0.4970359534991146,""car_hit"":0.5359919932250365,""cross_hit"":0.5135114327507891,""n"":12989},{""asset"":""ETH"",""own_r2"":-0.03763147021613622,""car_r2"":-0.01932574963980005,""cross_r2"":-0.02794096711748084,""cross_minus_own_r2"":0.009690503098655379,""cross_minus_car_r2"":-0.008615217477680792,""own_hit"":0.5008083763184232,""car_hit"":0.5306028177688814,""cross_hit"":0.511355762568327,""n"":12989},{""asset"":""SOL"",""own_r2"":-0.061512763468886344,""car_r2"":-0.01737851131790391,""cross_r2"":-0.04416707179227064,""cross_minus_own_r2"":0.017345691676615704,""cross_minus_car_r2"":-0.02678856047436673,""own_hit"":0.5093540688274694,""car_hit"":0.5060435753329741,""cross_hit"":0.5044268226961275,""n"":12989},{""asset"":""XRP"",""own_r2"":-0.048739861144767804,""car_r2"":-0.018932977885133928,""cross_r2"":-0.023099805148271146,""cross_minus_own_r2"":0.025640055996496658,""cross_minus_car_r2"":-0.004166827263137218,""own_hit"":0.4929555777965971,""car_hit"":0.5105858803603048,""cross_hit"":0.5224420663638464,""n"":12989}]"
300,pca,ccz_long,"1,2,3,5,10,20,30,45,60,90,120",20,6000,3000,10,placebo,-0.04676083840820361,-0.017486087402274753,-0.02723789398483989,0.01952294442336372,-0.009751806582565137,0.5000384941104011,0.5208060666717993,0.5067908038737108,1.675575320810081,1.7130511215819082,1.694313221195995,1.675575320810081,1.638099520038252,0.5075836023634038,0.05903560298019636,0.9997637051039697,SOL,0.042183641469661914,"[{""asset"":""BTC"",""own_r2"":-0.039159258803024066,""car_r2"":-0.014307110766261122,""cross_r2"":-0.02249069169516904,""cross_minus_own_r2"":0.016668567107855026,""cross_minus_car_r2"":-0.008183580928907919,""own_hit"":0.4970359534991146,""car_hit"":0.5359919932250365,""cross_hit"":0.5015353121801432,""n"":12701},{""asset"":""ETH"",""own_r2"":-0.03763147021613622,""car_r2"":-0.01932574963980005,""cross_r2"":-0.026744143199575188,""cross_minus_own_r2"":0.010887327016561033,""cross_minus_car_r2"":-0.007418393559775138,""own_hit"":0.5008083763184232,""car_hit"":0.5306028177688814,""cross_hit"":0.5149988189906307,""n"":12701},{""asset"":""SOL"",""own_r2"":-0.061512763468886344,""car_r2"":-0.01737851131790391,""cross_r2"":-0.01932912199922443,""cross_minus_own_r2"":0.042183641469661914,""cross_minus_car_r2"":-0.0019506106813205193,""own_hit"":0.5093540688274694,""car_hit"":0.5060435753329741,""cross_hit"":0.5075978269427605,""n"":12701},{""asset"":""XRP"",""own_r2"":-0.048739861144767804,""car_r2"":-0.018932977885133928,""cross_r2"":-0.0403876190453909,""cross_minus_own_r2"":0.008352242099376905,""cross_minus_car_r2"":-0.02145464116025697,""own_hit"":0.4929555777965971,""car_hit"":0.5105858803603048,""cross_hit"":0.5030312573813086,""n"":12701}]"
300,pca,ccz_long,"1,2,3,5,10,20,30,45,60,90,120",2,600,6000,10,real,-0.002883535863014597,-0.0018926528966741185,-0.0005789053684523426,0.0023046304945622542,0.0013137475282217759,0.5037473768362146,0.5178125312281403,0.5103427600679524,0.4907430096842819,0.5147343605856087,0.5027386851349454,0.4907430096842819,0.4667516587829552,0.5121824042472507,0.04797310718121741,0.9607078584283143,SOL,0.004068221760858082,"[{""asset"":""BTC"",""own_r2"":-0.0027978822474319376,""car_r2"":-0.0003608391975411518,""cross_r2"":-0.000624937172757134,""cross_minus_own_r2"":0.0021729450746748036,""cross_minus_car_r2"":-0.0002640979752159822,""own_hit"":0.4970520635555111,""car_hit"":0.5220345757969421,""cross_hit"":0.5138403117817528,""n"":10007},{""asset"":""ETH"",""own_r2"":-0.0017215730556265907,""car_r2"":-0.003651389165144181,""cross_r2"":-0.0004985509471482352,""cross_minus_own_r2"":0.0012230221084783555,""cross_minus_car_r2"":0.0031528382179959458,""own_hit"":0.5128410112920956,""car_hit"":0.5205356250624563,""cross_hit"":0.5120415709003697,""n"":10007},{""asset"":""SOL"",""own_r2"":-0.004301274275629874,""car_r2"":-0.0009448736523267609,""cross_r2"":-0.00023305251477179212,""cross_minus_own_r2"":0.004068221760858082,""cross_minus_car_r2"":0.0007118211375549688,""own_hit"":0.4987508743879285,""car_hit"":0.5160387728589987,""cross_hit"":0.504346957130009,""n"":10007},{""asset"":""XRP"",""own_r2"":-0.0027134138733699853,""car_r2"":-0.0026135095716843804,""cross_r2"":-0.0009590808391322092,""cross_minus_own_r2"":0.001754333034237776,""cross_minus_car_r2"":0.0016544287325521712,""own_hit"":0.5063455581093235,""car_hit"":0.5126411511941641,""cross_hit"":0.5111422004596782,""n"":10007}]"
300,pca,ccz_long,"1,2,3,5,10,20,30,45,60,90,120",2,600,6000,10,placebo,-0.002883535863014597,-0.0018926528966741185,-0.0009452408276454105,0.0019382950353691863,0.000947412069028708,0.5037473768362146,0.5178125312281403,0.5063535343142298,-0.18656480493620398,0.0025834779399470653,-0.09199066349812846,-0.18656480493620398,-0.3757130878123549,0.5126872659176029,0.38943438928587815,0.9982499485278978,SOL,0.0038613586293037017,"[{""asset"":""BTC"",""own_r2"":-0.0027978822474319376,""car_r2"":-0.0003608391975411518,""cross_r2"":-0.0009381501296863437,""cross_minus_own_r2"":0.0018597321177455939,""cross_minus_car_r2"":-0.0005773109321451919,""own_hit"":0.4970520635555111,""car_hit"":0.5220345757969421,""cross_hit"":0.5116781561889083,""n"":9719},{""asset"":""ETH"",""own_r2"":-0.0017215730556265907,""car_r2"":-0.003651389165144181,""cross_r2"":-0.0009743728820017505,""cross_minus_own_r2"":0.0007472001736248401,""cross_minus_car_r2"":0.0026770162831424305,""own_hit"":0.5128410112920956,""car_hit"":0.5205356250624563,""cross_hit"":0.5098261137977158,""n"":9719},{""asset"":""SOL"",""own_r2"":-0.004301274275629874,""car_r2"":-0.0009448736523267609,""cross_r2"":-0.0004399156463261722,""cross_minus_own_r2"":0.0038613586293037017,""cross_minus_car_r2"":0.0005049580060005887,""own_hit"":0.4987508743879285,""car_hit"":0.5160387728589987,""cross_hit"":0.5038584216483177,""n"":9719},{""asset"":""XRP"",""own_r2"":-0.0027134138733699853,""car_r2"":-0.0026135095716843804,""cross_r2"":-0.0014285246525673756,""cross_minus_own_r2"":0.0012848892208026097,""cross_minus_car_r2"":0.0011849849191170048,""own_hit"":0.5063455581093235,""car_hit"":0.5126411511941641,""cross_hit"":0.5000514456219776,""n"":9719}]"
300,pca,ccz_long,"1,2,3,5,10,20,30,45,60,90,120",5,1500,6000,10,real,-0.005153120613233808,-0.0041116132104315195,-0.0018261386008437963,0.003326982012390012,0.002285474609587723,0.5053728508596561,0.5169932027189124,0.5146441423430629,1.2799833973768953,1.3092408301127672,1.2946121137448314,1.2799833973768953,1.2507259646410231,0.5122389977513653,0.0585207175434983,1.0,SOL,0.0060238032181809675,"[{""asset"":""BTC"",""own_r2"":-0.005042791820881298,""car_r2"":-0.0011016302699959901,""cross_r2"":-0.0021352253419841816,""cross_minus_own_r2"":0.0029075664788971167,""cross_minus_car_r2"":-0.0010335950719881914,""own_hit"":0.5015993602558977,""car_hit"":0.5197920831667333,""cross_hit"":0.5106957217113155,""n"":10004},{""asset"":""ETH"",""own_r2"":-0.0034520858951250233,""car_r2"":-0.006193377745544959,""cross_r2"":-0.0015264164691533022,""cross_minus_own_r2"":0.001925669425971721,""cross_minus_car_r2"":0.004666961276391657,""own_hit"":0.5111955217912835,""car_hit"":0.5200919632147141,""cross_hit"":0.5195921631347461,""n"":10004},{""asset"":""SOL"",""own_r2"":-0.007584894982233248,""car_r2"":-0.004103853652451139,""cross_r2"":-0.0015610917640522803,""cross_minus_own_r2"":0.0060238032181809675,""cross_minus_car_r2"":0.002542761888398859,""own_hit"":0.49780087964814074,""car_hit"":0.5073970411835266,""cross_hit"":0.5074970011995202,""n"":10004},{""asset"":""XRP"",""own_r2"":-0.004532709754695663,""car_r2"":-0.00504759117373399,""cross_r2"":-0.002081820828185421,""cross_minus_own_r2"":0.002450888926510242,""cross_minus_car_r2"":0.0029657703455485684,""own_hit"":0.5108956417433027,""car_hit"":0.5206917233106757,""cross_hit"":0.5207916833266694,""n"":10004}]"
300,pca,ccz_long,"1,2,3,5,10,20,30,45,60,90,120",5,1500,6000,10,placebo,-0.005153120613233808,-0.0041116132104315195,-0.005653385096130392,-0.0005002644828965841,-0.0015417718856988727,0.5053728508596561,0.5169932027189124,0.5067414573898723,0.5095726786265579,0.5658819836116779,0.5377273311191177,0.5095726786265579,0.45326337364143704,0.5057706861755802,0.1159701472250447,0.9990732159406858,BTC,0.003522694061127485,"[{""asset"":""BTC"",""own_r2"":-0.005042791820881298,""car_r2"":-0.0011016302699959901,""cross_r2"":-0.0015200977597538134,""cross_minus_own_r2"":0.003522694061127485,""cross_minus_car_r2"":-0.00041846748975782333,""own_hit"":0.5015993602558977,""car_hit"":0.5197920831667333,""cross_hit"":0.5144092219020173,""n"":9716},{""asset"":""ETH"",""own_r2"":-0.0034520858951250233,""car_r2"":-0.006193377745544959,""cross_r2"":-0.005267673741528256,""cross_minus_own_r2"":-0.0018155878464032327,""cross_minus_car_r2"":0.000925704004016703,""own_hit"":0.5111955217912835,""car_hit"":0.5200919632147141,""cross_hit"":0.5077192260189378,""n"":9716},{""asset"":""SOL"",""own_r2"":-0.007584894982233248,""car_r2"":-0.004103853652451139,""cross_r2"":-0.013104515210692114,""cross_minus_own_r2"":-0.005519620228458866,""cross_minus_car_r2"":-0.009000661558240974,""own_hit"":0.49780087964814074,""car_hit"":0.5073970411835266,""cross_hit"":0.4945450802799506,""n"":9716},{""asset"":""XRP"",""own_r2"":-0.004532709754695663,""car_r2"":-0.00504759117373399,""cross_r2"":-0.0027212536725473857,""cross_minus_own_r2"":0.0018114560821482772,""cross_minus_car_r2"":0.002326337501186604,""own_hit"":0.5108956417433027,""car_hit"":0.5206917233106757,""cross_hit"":0.5102923013585838,""n"":9716}]"
300,pca,ccz_long,"1,2,3,5,10,20,30,45,60,90,120",10,3000,6000,10,real,-0.008214965028007892,-0.006935965299615987,-0.003378365878721201,0.004836599149286691,0.003557599420894786,0.5057505750575058,0.5232023202320232,0.5159515951595159,2.5328433908291093,2.5532381672990727,2.5430407790640914,2.5328433908291093,2.5124486143591467,0.5159278475227829,0.04081404136474486,1.0,SOL,0.010309009957647719,"[{""asset"":""BTC"",""own_r2"":-0.008733700449178317,""car_r2"":-0.003108408738495827,""cross_r2"":-0.005066938477080507,""cross_minus_own_r2"":0.0036667619720978095,""cross_minus_car_r2"":-0.00195852973858468,""own_hit"":0.49954995499549953,""car_hit"":0.5242524252425242,""cross_hit"":0.5133513351335134,""n"":9999},{""asset"":""ETH"",""own_r2"":-0.006231068882356583,""car_r2"":-0.01025535933444699,""cross_r2"":-0.003120040768917587,""cross_minus_own_r2"":0.003111028113438996,""cross_minus_car_r2"":0.007135318565529403,""own_hit"":0.5097509750975098,""car_hit"":0.5286528652865287,""cross_hit"":0.5181518151815182,""n"":9999},{""asset"":""SOL"",""own_r2"":-0.012079603493286406,""car_r2"":-0.005166996784004896,""cross_r2"":-0.001770593535638687,""cross_minus_own_r2"":0.010309009957647719,""cross_minus_car_r2"":0.0033964032483662088,""own_hit"":0.49284928492849284,""car_hit"":0.5175517551755175,""cross_hit"":0.5091509150915091,""n"":9999},{""asset"":""XRP"",""own_r2"":-0.005815487287210264,""car_r2"":-0.009213096341516236,""cross_r2"":-0.003555890733248024,""cross_minus_own_r2"":0.00225959655396224,""cross_minus_car_r2"":0.005657205608268212,""own_hit"":0.5208520852085209,""car_hit"":0.5223522352235224,""cross_hit"":0.5231523152315232,""n"":9999}]"
300,pca,ccz_long,"1,2,3,5,10,20,30,45,60,90,120",10,3000,6000,10,placebo,-0.008214965028007892,-0.006935965299615987,-0.0078072701333077865,0.0004076948947001058,-0.0008713048336917995,0.5057505750575058,0.5232023202320232,0.5131294408402842,1.8928821849743356,1.9151702727435564,1.904026228858946,1.8928821849743356,1.8705940972051156,0.5126285171212165,0.0459264120527929,1.0,BTC,0.0058761532857807275,"[{""asset"":""BTC"",""own_r2"":-0.008733700449178317,""car_r2"":-0.003108408738495827,""cross_r2"":-0.002857547163397589,""cross_minus_own_r2"":0.0058761532857807275,""cross_minus_car_r2"":0.0002508615750982379,""own_hit"":0.49954995499549953,""car_hit"":0.5242524252425242,""cross_hit"":0.5172484811039028,""n"":9711},{""asset"":""ETH"",""own_r2"":-0.006231068882356583,""car_r2"":-0.01025535933444699,""cross_r2"":-0.0037718569142048963,""cross_minus_own_r2"":0.0024592119681516866,""cross_minus_car_r2"":0.006483502420242093,""own_hit"":0.5097509750975098,""car_hit"":0.5286528652865287,""cross_hit"":0.5231181134795593,""n"":9711},{""asset"":""SOL"",""own_r2"":-0.012079603493286406,""car_r2"":-0.005166996784004896,""cross_r2"":-0.01990583084268116,""cross_minus_own_r2"":-0.007826227349394754,""cross_minus_car_r2"":-0.014738834058676265,""own_hit"":0.49284928492849284,""car_hit"":0.5175517551755175,""cross_hit"":0.4932550715683246,""n"":9711},{""asset"":""XRP"",""own_r2"":-0.005815487287210264,""car_r2"":-0.009213096341516236,""cross_r2"":-0.0046938456129475,""cross_minus_own_r2"":0.0011216416742627633,""cross_minus_car_r2"":0.0045192507285687356,""own_hit"":0.5208520852085209,""car_hit"":0.5223522352235224,""cross_hit"":0.5188960972093503,""n"":9711}]"
300,pca,ccz_long,"1,2,3,5,10,20,30,45,60,90,120",20,6000,6000,10,real,-0.014077347331291401,-0.00850606449116903,-0.006146982295347603,0.007930365035943798,0.002359082195821427,0.5112123335669236,0.537265992591851,0.5212483732105315,6.980343033326587,6.9927363513559975,6.9865396923412915,6.980343033326587,6.967949715297176,0.522158295754937,0.024826358231990982,1.0,SOL,0.018998416539131924,"[{""asset"":""BTC"",""own_r2"":-0.016659956538778165,""car_r2"":-0.004424653966448533,""cross_r2"":-0.008841972986318947,""cross_minus_own_r2"":0.007817983552459218,""cross_minus_car_r2"":-0.004417319019870414,""own_hit"":0.5088597457202924,""car_hit"":0.541195314846331,""cross_hit"":0.5243768144959455,""n"":9989},{""asset"":""ETH"",""own_r2"":-0.011235322787399582,""car_r2"":-0.014374501091618086,""cross_r2"":-0.0047554094031840854,""cross_minus_own_r2"":0.0064799133842154966,""cross_minus_car_r2"":0.009619091688434,""own_hit"":0.5158674541996195,""car_hit"":0.5377915707278006,""cross_hit"":0.5248773651016118,""n"":9989},{""asset"":""SOL"",""own_r2"":-0.022757435502517298,""car_r2"":-0.0032356207792807457,""cross_r2"":-0.0037590189633853743,""cross_minus_own_r2"":0.018998416539131924,""cross_minus_car_r2"":-0.0005233981841046287,""own_hit"":0.4993492842126339,""car_hit"":0.5303834217639404,""cross_hit"":0.5119631594754229,""n"":9989},{""asset"":""XRP"",""own_r2"":-0.0056566744964705595,""car_r2"":-0.011989482127328754,""cross_r2"":-0.007231527828502005,""cross_minus_own_r2"":-0.001574853332031445,""cross_minus_car_r2"":0.00475795429882675,""own_hit"":0.5207728501351486,""car_hit"":0.5396936630293323,""cross_hit"":0.5237761537691461,""n"":9989}]"
300,pca,ccz_long,"1,2,3,5,10,20,30,45,60,90,120",20,6000,6000,10,placebo,-0.014077347331291401,-0.00850606449116903,-0.01263153473164308,0.0014458125996483218,-0.0041254702404740495,0.5112123335669236,0.537265992591851,0.5201267910524688,4.044076247866498,4.057735091837663,4.050905669852082,4.044076247866498,4.030417403895335,0.5194246938278948,0.02817418310883799,1.0,BTC,0.009487975715786634,"[{""asset"":""BTC"",""own_r2"":-0.016659956538778165,""car_r2"":-0.004424653966448533,""cross_r2"":-0.0071719808229915305,""cross_minus_own_r2"":0.009487975715786634,""cross_minus_car_r2"":-0.0027473268565429976,""own_hit"":0.5088597457202924,""car_hit"":0.541195314846331,""cross_hit"":0.5281929697969282,""n"":9701},{""asset"":""ETH"",""own_r2"":-0.011235322787399582,""car_r2"":-0.014374501091618086,""cross_r2"":-0.014754528273120515,""cross_minus_own_r2"":-0.003519205485720933,""cross_minus_car_r2"":-0.0003800271815024292,""own_hit"":0.5158674541996195,""car_hit"":0.5377915707278006,""cross_hit"":0.5207710545304608,""n"":9701},{""asset"":""SOL"",""own_r2"":-0.022757435502517298,""car_r2"":-0.0032356207792807457,""cross_r2"":-0.017906459563393984,""cross_minus_own_r2"":0.004850975939123314,""cross_minus_car_r2"":-0.014670838784113238,""own_hit"":0.4993492842126339,""car_hit"":0.5303834217639404,""cross_hit"":0.5079888671271003,""n"":9701},{""asset"":""XRP"",""own_r2"":-0.0056566744964705595,""car_r2"":-0.011989482127328754,""cross_r2"":-0.010693170267066288,""cross_minus_own_r2"":-0.005036495770595728,""cross_minus_car_r2"":0.0012963118602624668,""own_hit"":0.5207728501351486,""car_hit"":0.5396936630293323,""cross_hit"":0.523554272755386,""n"":9701}]"

