bar_s,scheme,lagset,horizon,horizon_seconds,train,levels,kind,own_r2,car_r2,cross_r2,cross_minus_own_r2,cross_minus_car_r2,own_hit,car_hit,cross_hit,pnl_net,pnl_gross,pnl_net_0p25bp,pnl_net_0p5bp,pnl_net_1p0bp,pnl_hit,turnover,frac_traded,best_asset,best_asset_cross_minus_own_r2,asset_metrics_json
300,best,ccz,1,300,3000,10,real,-0.004063776102322114,-0.0018371359641154439,-0.0008968418576192905,0.0031669342447028237,0.0009402941064961534,0.4917926400977249,0.4971751412429379,0.49333867766071154,0.06346199796545013,0.2583748846151325,0.16091844129029137,0.06346199796545013,-0.13145088868423221,0.5045994181932542,0.29773602176687136,0.9676926602001069,XRP,0.005269046421130019,"[{""asset"":""BTC"",""own_r2"":-0.0031317787085209936,""car_r2"":-0.0017698919594371088,""cross_r2"":-0.0012464989509133328,""cross_minus_own_r2"":0.0018852797576076608,""cross_minus_car_r2"":0.0005233930085237759,""own_hit"":0.4932050694762559,""car_hit"":0.5100778744846541,""cross_hit"":0.5047335471064285,""n"":13098},{""asset"":""ETH"",""own_r2"":-0.003506802030293743,""car_r2"":-0.0020510862872875624,""cross_r2"":-0.0007866219250425299,""cross_minus_own_r2"":0.002720180105251213,""cross_minus_car_r2"":0.0012644643622450324,""own_hit"":0.5028248587570622,""car_hit"":0.5083218812032372,""cross_hit"":0.5027485112230875,""n"":13098},{""asset"":""SOL"",""own_r2"":-0.0035589962774640327,""car_r2"":-0.0017353879749324452,""cross_r2"":-0.000765765582641631,""cross_minus_own_r2"":0.0027932306948224017,""cross_minus_car_r2"":0.0009696223922908143,""own_hit"":0.47869903802107194,""car_hit"":0.4795388608947931,""cross_hit"":0.4783936478851733,""n"":13098},{""asset"":""XRP"",""own_r2"":-0.006057527393009687,""car_r2"":-0.0017921776348046592,""cross_r2"":-0.0007884809718796681,""cross_minus_own_r2"":0.005269046421130019,""cross_minus_car_r2"":0.001003696662924991,""own_hit"":0.4924415941365094,""car_hit"":0.49076194838906706,""cross_hit"":0.48747900442815695,""n"":13098}]"
300,best,ccz,1,300,3000,10,placebo,-0.004063776102322114,-0.0018371359641154439,-0.001211244492159702,0.002852531610162412,0.0006258914719557418,0.4917926400977249,0.4971751412429379,0.4944379391100703,-0.1640419905112156,0.1906172013622881,0.013287605425536267,-0.1640419905112156,-0.5187011823847195,0.5002737154922968,0.5539386050347578,0.9931276844982428,XRP,0.004961982421566313,"[{""asset"":""BTC"",""own_r2"":-0.0031317787085209936,""car_r2"":-0.0017698919594371088,""cross_r2"":-0.0012368032278411434,""cross_minus_own_r2"":0.0018949754806798502,""cross_minus_car_r2"":0.0005330887315959654,""own_hit"":0.4932050694762559,""car_hit"":0.5100778744846541,""cross_hit"":0.5010148321623732,""n"":12810},{""asset"":""ETH"",""own_r2"":-0.003506802030293743,""car_r2"":-0.0020510862872875624,""cross_r2"":-0.0017600861045816707,""cross_minus_own_r2"":0.0017467159257120723,""cross_minus_car_r2"":0.0002910001827058917,""own_hit"":0.5028248587570622,""car_hit"":0.5083218812032372,""cross_hit"":0.501951600312256,""n"":12810},{""asset"":""SOL"",""own_r2"":-0.0035589962774640327,""car_r2"":-0.0017353879749324452,""cross_r2"":-0.0007525436647726202,""cross_minus_own_r2"":0.0028064526126914124,""cross_minus_car_r2"":0.000982844310159825,""own_hit"":0.47869903802107194,""car_hit"":0.4795388608947931,""cross_hit"":0.4823575331772053,""n"":12810},{""asset"":""XRP"",""own_r2"":-0.006057527393009687,""car_r2"":-0.0017921776348046592,""cross_r2"":-0.001095544971443374,""cross_minus_own_r2"":0.004961982421566313,""cross_minus_car_r2"":0.0006966326633612852,""own_hit"":0.4924415941365094,""car_hit"":0.49076194838906706,""cross_hit"":0.4924277907884465,""n"":12810}]"
300,best,ccz,1,300,3000,10,real_minus_placebo,,,,0.0003144026345404116,0.0003144026345404116,,,-0.001099261449358735,0.22750398847666572,,,,,,,,,,
300,best,ccz,2,600,3000,10,real,-0.005930937288024241,-0.004250293037467268,-0.001597357811600253,0.004333579476423988,0.0026529352258670147,0.5050774986638161,0.5110712376880202,0.5077307780407727,0.37417814620273426,0.5294259378466981,0.4518020420247162,0.37417814620273426,0.2189303545587703,0.5097094919993785,0.23716436242585376,0.9957225786739994,XRP,0.006271718781579727,"[{""asset"":""BTC"",""own_r2"":-0.005684446395775256,""car_r2"":-0.003857884987524818,""cross_r2"":-0.002130327047640934,""cross_minus_own_r2"":0.0035541193481343214,""cross_minus_car_r2"":0.0017275579398838836,""own_hit"":0.506222799114301,""car_hit"":0.5198136977933878,""cross_hit"":0.5155379094449111,""n"":13097},{""asset"":""ETH"",""own_r2"":-0.0056221591273057925,""car_r2"":-0.004794682706012798,""cross_r2"":-0.0016792460179408941,""cross_minus_own_r2"":0.003942913109364898,""cross_minus_car_r2"":0.003115436688071904,""own_hit"":0.5023287775826525,""car_hit"":0.5112621210964343,""cross_hit"":0.508437046651905,""n"":13097},{""asset"":""SOL"",""own_r2"":-0.004616052630908696,""car_r2"":-0.004211733341942692,""cross_r2"":-0.001050485964291692,""cross_minus_own_r2"":0.003565566666617004,""cross_minus_car_r2"":0.0031612473776509997,""own_hit"":0.5030159578529434,""car_hit"":0.5050011453004505,""cross_hit"":0.5020997174925556,""n"":13097},{""asset"":""XRP"",""own_r2"":-0.0078010909981072185,""car_r2"":-0.004136871114388763,""cross_r2"":-0.0015293722165274914,""cross_minus_own_r2"":0.006271718781579727,""cross_minus_car_r2"":0.002607498897861271,""own_hit"":0.5087424601053676,""car_hit"":0.5082079865618081,""cross_hit"":0.5048484385737192,""n"":13097}]"
300,best,ccz,2,600,3000,10,placebo,-0.005930937288024241,-0.004250293037467268,-0.0024647200877322972,0.0034662172002919434,0.0017855729497349704,0.5050774986638161,0.5110712376880202,0.5079436333827777,0.12918949258419704,0.3987267357086992,0.26395811414644815,0.12918949258419704,-0.1403477505403049,0.5078419071518193,0.42102037351531085,0.9732114964073727,XRP,0.005519348703642457,"[{""asset"":""BTC"",""own_r2"":-0.005684446395775256,""car_r2"":-0.003857884987524818,""cross_r2"":-0.0029055688618453424,""cross_minus_own_r2"":0.002778877533929913,""cross_minus_car_r2"":0.0009523161256794754,""own_hit"":0.506222799114301,""car_hit"":0.5198136977933878,""cross_hit"":0.5080021859629947,""n"":12809},{""asset"":""ETH"",""own_r2"":-0.0056221591273057925,""car_r2"":-0.004794682706012798,""cross_r2"":-0.0030135188611013497,""cross_minus_own_r2"":0.0026086402662044428,""cross_minus_car_r2"":0.0017811638449114486,""own_hit"":0.5023287775826525,""car_hit"":0.5112621210964343,""cross_hit"":0.5122960418455773,""n"":12809},{""asset"":""SOL"",""own_r2"":-0.004616052630908696,""car_r2"":-0.004211733341942692,""cross_r2"":-0.0016580503335177355,""cross_minus_own_r2"":0.0029580022973909603,""cross_minus_car_r2"":0.002553683008424956,""own_hit"":0.5030159578529434,""car_hit"":0.5050011453004505,""cross_hit"":0.5043328909360606,""n"":12809},{""asset"":""XRP"",""own_r2"":-0.0078010909981072185,""car_r2"":-0.004136871114388763,""cross_r2"":-0.0022817422944647614,""cross_minus_own_r2"":0.005519348703642457,""cross_minus_car_r2"":0.0018551288199240012,""own_hit"":0.5087424601053676,""car_hit"":0.5082079865618081,""cross_hit"":0.5071434147864783,""n"":12809}]"
300,best,ccz,2,600,3000,10,real_minus_placebo,,,,0.0008673622761320443,0.0008673622761320443,,,-0.00021285534200499168,0.24498865361853722,,,,,,,,,,
300,best,ccz,3,900,3000,10,real,-0.007759257158382105,-0.006487733058410938,-0.002412544599929234,0.005346712558452871,0.004075188458481704,0.5020807880268785,0.5071204948075748,0.5087813072693953,0.5139236179277219,0.6313076304571827,0.5726156241924523,0.5139236179277219,0.39653960539826094,0.5094389578755064,0.17933544042389565,0.9748682300817355,XRP,0.0076626140878095494,"[{""asset"":""BTC"",""own_r2"":-0.00776273907652536,""car_r2"":-0.006741753156213948,""cross_r2"":-0.0030611214453561963,""cross_minus_own_r2"":0.004701617631169164,""cross_minus_car_r2"":0.0036806317108577513,""own_hit"":0.5014508246792914,""car_hit"":0.5120647525962125,""cross_hit"":0.5126756261453879,""n"":13096},{""asset"":""ETH"",""own_r2"":-0.007598479935672531,""car_r2"":-0.007290275226167875,""cross_r2"":-0.002596814448302398,""cross_minus_own_r2"":0.005001665487370133,""cross_minus_car_r2"":0.004693460777865477,""own_hit"":0.5029780085522297,""car_hit"":0.5061850946854001,""cross_hit"":0.5113775198533903,""n"":13096},{""asset"":""SOL"",""own_r2"":-0.006061744298760274,""car_r2"":-0.005322856053272318,""cross_r2"":-0.0020407912712976373,""cross_minus_own_r2"":0.004020953027462637,""cross_minus_car_r2"":0.0032820647819746807,""own_hit"":0.50099266951741,""car_hit"":0.5033598045204642,""cross_hit"":0.5012981062919976,""n"":13096},{""asset"":""XRP"",""own_r2"":-0.009614065322570253,""car_r2"":-0.006596047797989613,""cross_r2"":-0.0019514512347607038,""cross_minus_own_r2"":0.0076626140878095494,""cross_minus_car_r2"":0.004644596563228909,""own_hit"":0.5029016493585827,""car_hit"":0.5068723274282224,""cross_hit"":0.5097739767868051,""n"":13096}]"
300,best,ccz,3,900,3000,10,placebo,-0.007759257158382105,-0.006487733058410938,-0.003940423469095233,0.0038188336892868713,0.002547309589315705,0.5020807880268785,0.5071204948075748,0.506382729544035,-0.05254993714338996,0.08939544141117917,0.018422752133894493,-0.05254993714338996,-0.19449531569795897,0.5048632137402534,0.22173768422177462,0.9999218933062564,XRP,0.006208575324765597,"[{""asset"":""BTC"",""own_r2"":-0.00776273907652536,""car_r2"":-0.006741753156213948,""cross_r2"":-0.004864933037719066,""cross_minus_own_r2"":0.0028978060388062943,""cross_minus_car_r2"":0.0018768201184948818,""own_hit"":0.5014508246792914,""car_hit"":0.5120647525962125,""cross_hit"":0.5042941911305434,""n"":12808},{""asset"":""ETH"",""own_r2"":-0.007598479935672531,""car_r2"":-0.007290275226167875,""cross_r2"":-0.004255194205555979,""cross_minus_own_r2"":0.003343285730116552,""cross_minus_car_r2"":0.003035081020611896,""own_hit"":0.5029780085522297,""car_hit"":0.5061850946854001,""cross_hit"":0.5086664584634604,""n"":12808},{""asset"":""SOL"",""own_r2"":-0.006061744298760274,""car_r2"":-0.005322856053272318,""cross_r2"":-0.0032360766353012327,""cross_minus_own_r2"":0.0028256676634590416,""cross_minus_car_r2"":0.0020867794179710852,""own_hit"":0.50099266951741,""car_hit"":0.5033598045204642,""cross_hit"":0.5042161149281699,""n"":12808},{""asset"":""XRP"",""own_r2"":-0.009614065322570253,""car_r2"":-0.006596047797989613,""cross_r2"":-0.003405489997804656,""cross_minus_own_r2"":0.006208575324765597,""cross_minus_car_r2"":0.0031905578001849566,""own_hit"":0.5029016493585827,""car_hit"":0.5068723274282224,""cross_hit"":0.5083541536539663,""n"":12808}]"
300,best,ccz,3,900,3000,10,real_minus_placebo,,,,0.0015278788691659995,0.0015278788691659995,,,0.00239857772536034,0.5664735550711119,,,,,,,,,,
300,best,ccz,5,1500,3000,10,real,-0.010561603371234962,-0.008542347243880755,-0.004885495789247962,0.005676107581987,0.0036568514546327924,0.5015656025660609,0.5041049335573545,0.507083396975714,0.40206597959878376,0.48394011746166266,0.4430030485302232,0.40206597959878376,0.32019184173590554,0.5075151902782219,0.12510373269597164,0.9998471999388799,XRP,0.008332837458270737,"[{""asset"":""BTC"",""own_r2"":-0.009638808340586058,""car_r2"":-0.008141900083744824,""cross_r2"":-0.005388334594672584,""cross_minus_own_r2"":0.0042504737459134745,""cross_minus_car_r2"":0.0027535654890722405,""own_hit"":0.4939667023063999,""car_hit"":0.5012219337100963,""cross_hit"":0.5127539330991294,""n"":13094},{""asset"":""ETH"",""own_r2"":-0.011057553593218472,""car_r2"":-0.01052814267385993,""cross_r2"":-0.004896617992777852,""cross_minus_own_r2"":0.00616093560044062,""cross_minus_car_r2"":0.0056315246810820785,""own_hit"":0.5051168474110279,""car_hit"":0.5063387811211242,""cross_hit"":0.5114556285321521,""n"":13094},{""asset"":""SOL"",""own_r2"":-0.008560800555762027,""car_r2"":-0.007468004835688102,""cross_r2"":-0.0046006170324388584,""cross_minus_own_r2"":0.003960183523323169,""cross_minus_car_r2"":0.002867387803249244,""own_hit"":0.5031312051321216,""car_hit"":0.5021383839926684,""cross_hit"":0.49694516572475944,""n"":13094},{""asset"":""XRP"",""own_r2"":-0.012989250995373292,""car_r2"":-0.008031341382230162,""cross_r2"":-0.004656413537102555,""cross_minus_own_r2"":0.008332837458270737,""cross_minus_car_r2"":0.0033749278451276066,""own_hit"":0.5040476554146938,""car_hit"":0.5067206354055293,""cross_hit"":0.5071788605468154,""n"":13094}]"
300,best,ccz,5,1500,3000,10,placebo,-0.010561603371234962,-0.008542347243880755,-0.006504250742938755,0.004057352628296207,0.0020380965009419993,0.5015656025660609,0.5041049335573545,0.5036896767140403,0.09298594212745392,0.17897322545966055,0.13597958379355712,0.09298594212745392,0.006998658795247525,0.502696571997315,0.13434463453199988,0.9997656433091164,XRP,0.007409314284733792,"[{""asset"":""BTC"",""own_r2"":-0.009638808340586058,""car_r2"":-0.008141900083744824,""cross_r2"":-0.007306013665176581,""cross_minus_own_r2"":0.0023327946754094775,""cross_minus_car_r2"":0.0008358864185682435,""own_hit"":0.4939667023063999,""car_hit"":0.5012219337100963,""cross_hit"":0.5019522099016086,""n"":12806},{""asset"":""ETH"",""own_r2"":-0.011057553593218472,""car_r2"":-0.01052814267385993,""cross_r2"":-0.006625936571106994,""cross_minus_own_r2"":0.004431617022111478,""cross_minus_car_r2"":0.0039022061027529364,""own_hit"":0.5051168474110279,""car_hit"":0.5063387811211242,""cross_hit"":0.506793690457598,""n"":12806},{""asset"":""SOL"",""own_r2"":-0.008560800555762027,""car_r2"":-0.007468004835688102,""cross_r2"":-0.006505116024831947,""cross_minus_own_r2"":0.0020556845309300797,""cross_minus_car_r2"":0.0009628888108561551,""own_hit"":0.5031312051321216,""car_hit"":0.5021383839926684,""cross_hit"":0.500234265188193,""n"":12806},{""asset"":""XRP"",""own_r2"":-0.012989250995373292,""car_r2"":-0.008031341382230162,""cross_r2"":-0.005579936710639499,""cross_minus_own_r2"":0.007409314284733792,""cross_minus_car_r2"":0.0024514046715906623,""own_hit"":0.5040476554146938,""car_hit"":0.5067206354055293,""cross_hit"":0.5057785413087615,""n"":12806}]"
300,best,ccz,5,1500,3000,10,real_minus_placebo,,,,0.001618754953690793,0.001618754953690793,,,0.003393720261673727,0.30908003747132984,,,,,,,,,,
300,best,ccz,10,3000,3000,10,real,-0.016954263541212655,-0.013687512501089572,-0.009664325421961717,0.007289938119250938,0.0040231870791278546,0.4977461990984796,0.5037436014974406,0.5020437008174803,0.3932543326700928,0.44397197866601035,0.41861315566805124,0.3932543326700928,0.34253668667417414,0.5033459531361916,0.07752620910412418,0.9753897890553348,XRP,0.011044645743709003,"[{""asset"":""BTC"",""own_r2"":-0.012884994384001702,""car_r2"":-0.014897798019204656,""cross_r2"":-0.009729549255953929,""cross_minus_own_r2"":0.0031554451280477736,""cross_minus_car_r2"":0.005168248763250727,""own_hit"":0.48666819466727784,""car_hit"":0.5044694017877607,""cross_hit"":0.5042402016960806,""n"":13089},{""asset"":""ETH"",""own_r2"":-0.016876709491586706,""car_r2"":-0.014963331996208362,""cross_r2"":-0.009640627582981232,""cross_minus_own_r2"":0.007236081908605474,""cross_minus_car_r2"":0.005322704413227131,""own_hit"":0.5046222018488807,""car_hit"":0.5050042020016808,""cross_hit"":0.5098938039575216,""n"":13089},{""asset"":""SOL"",""own_r2"":-0.016227607285613344,""car_r2"":-0.01223569651371692,""cross_r2"":-0.00850402758897184,""cross_minus_own_r2"":0.007723579696641503,""cross_minus_car_r2"":0.0037316689247450796,""own_hit"":0.49912139964855984,""car_hit"":0.5011842004736802,""cross_hit"":0.4920925968370387,""n"":13089},{""asset"":""XRP"",""own_r2"":-0.02182774300364887,""car_r2"":-0.012653223475228348,""cross_r2"":-0.010783097259939867,""cross_minus_own_r2"":0.011044645743709003,""cross_minus_car_r2"":0.0018701262152884812,""own_hit"":0.5005730002292,""car_hit"":0.5043166017266407,""cross_hit"":0.5019482007792803,""n"":13089}]"
300,best,ccz,10,3000,3000,10,placebo,-0.016954263541212655,-0.013687512501089572,-0.011180680378618746,0.005773583162593909,0.0025068321224708257,0.4977461990984796,0.5037436014974406,0.5011522537301774,0.9774963536211532,1.0374412543963656,1.0074688040087592,0.9774963536211532,0.9175514528459404,0.5006709956709957,0.0936931865820764,1.0,XRP,0.010212102161600844,"[{""asset"":""BTC"",""own_r2"":-0.012884994384001702,""car_r2"":-0.014897798019204656,""cross_r2"":-0.011547771267008455,""cross_minus_own_r2"":0.001337223116993247,""cross_minus_car_r2"":0.0033500267521962,""own_hit"":0.48666819466727784,""car_hit"":0.5044694017877607,""cross_hit"":0.49339895320678073,""n"":12801},{""asset"":""ETH"",""own_r2"":-0.016876709491586706,""car_r2"":-0.014963331996208362,""cross_r2"":-0.010072460402038796,""cross_minus_own_r2"":0.006804249089547909,""cross_minus_car_r2"":0.004890871594169566,""own_hit"":0.5046222018488807,""car_hit"":0.5050042020016808,""cross_hit"":0.5075384735567534,""n"":12801},{""asset"":""SOL"",""own_r2"":-0.016227607285613344,""car_r2"":-0.01223569651371692,""cross_r2"":-0.011486849003379707,""cross_minus_own_r2"":0.004740758282233637,""cross_minus_car_r2"":0.0007488475103372139,""own_hit"":0.49912139964855984,""car_hit"":0.5011842004736802,""cross_hit"":0.49792984923052885,""n"":12801},{""asset"":""XRP"",""own_r2"":-0.02182774300364887,""car_r2"":-0.012653223475228348,""cross_r2"":-0.011615640842048025,""cross_minus_own_r2"":0.010212102161600844,""cross_minus_car_r2"":0.0010375826331803228,""own_hit"":0.5005730002292,""car_hit"":0.5043166017266407,""cross_hit"":0.5057417389266463,""n"":12801}]"
300,best,ccz,10,3000,3000,10,real_minus_placebo,,,,0.001516354956657029,0.001516354956657029,,,0.0008914470873029323,-0.5842420209510604,,,,,,,,,,
300,best,ccz,20,6000,3000,10,real,-0.02217108160301995,-0.015545157919549635,-0.014116980356941533,0.008054101246078416,0.0014281775626081017,0.5062504778652802,0.5160371588041899,0.5089074088233045,1.8592599222936559,1.8722116290552016,1.8657357756744288,1.8592599222936559,1.8463082155321098,0.5092574432197073,0.019812921464808776,1.0,XRP,0.01271465984991682,"[{""asset"":""BTC"",""own_r2"":-0.01800331356784657,""car_r2"":-0.020231543632371674,""cross_r2"":-0.013742674255508014,""cross_minus_own_r2"":0.004260639312338554,""cross_minus_car_r2"":0.00648886937686366,""own_hit"":0.50577261258506,""car_hit"":0.5174707546448505,""cross_hit"":0.5112011621683615,""n"":13079},{""asset"":""ETH"",""own_r2"":-0.020462860480521705,""car_r2"":-0.013758691466437156,""cross_r2"":-0.014512034074894098,""cross_minus_own_r2"":0.005950826405627607,""cross_minus_car_r2"":-0.0007533426084569417,""own_hit"":0.513341998623748,""car_hit"":0.5235109717868338,""cross_hit"":0.518617631317379,""n"":13079},{""asset"":""SOL"",""own_r2"":-0.022785541678664867,""car_r2"":-0.01706004961424923,""cross_r2"":-0.013495262262234187,""cross_minus_own_r2"":0.00929027941643068,""cross_minus_car_r2"":0.003564787352015042,""own_hit"":0.503478859240003,""car_hit"":0.5096719932716569,""cross_hit"":0.4953742640874685,""n"":13079},{""asset"":""XRP"",""own_r2"":-0.027432610685046654,""car_r2"":-0.01113034696514048,""cross_r2"":-0.014717950835129834,""cross_minus_own_r2"":0.01271465984991682,""cross_minus_car_r2"":-0.003587603869989353,""own_hit"":0.5024084410123099,""car_hit"":0.5134949155134184,""cross_hit"":0.5104365777200092,""n"":13079}]"
300,best,ccz,20,6000,3000,10,placebo,-0.02217108160301995,-0.015545157919549635,-0.02145048042887787,0.000720601174142077,-0.005905322509328237,0.5062504778652802,0.5160371588041899,0.5053357829724024,1.547753668773658,1.5879997525061857,1.5678767106399216,1.547753668773658,1.5075075850411297,0.5048317428427925,0.0629533610707449,0.9997653683716565,XRP,0.0051251026496901275,"[{""asset"":""BTC"",""own_r2"":-0.01800331356784657,""car_r2"":-0.020231543632371674,""cross_r2"":-0.022580178512721982,""cross_minus_own_r2"":-0.004576864944875414,""cross_minus_car_r2"":-0.0023486348803503088,""own_hit"":0.50577261258506,""car_hit"":0.5174707546448505,""cross_hit"":0.49683371120318975,""n"":12791},{""asset"":""ETH"",""own_r2"":-0.020462860480521705,""car_r2"":-0.013758691466437156,""cross_r2"":-0.020625538476904515,""cross_minus_own_r2"":-0.00016267799638280955,""cross_minus_car_r2"":-0.0068668470104673585,""own_hit"":0.513341998623748,""car_hit"":0.5235109717868338,""cross_hit"":0.5130951450238449,""n"":12791},{""asset"":""SOL"",""own_r2"":-0.022785541678664867,""car_r2"":-0.01706004961424923,""cross_r2"":-0.020288696690528463,""cross_minus_own_r2"":0.002496844988136404,""cross_minus_car_r2"":-0.003228647076279234,""own_hit"":0.503478859240003,""car_hit"":0.5096719932716569,""cross_hit"":0.5052771479946838,""n"":12791},{""asset"":""XRP"",""own_r2"":-0.027432610685046654,""car_r2"":-0.01113034696514048,""cross_r2"":-0.022307508035356527,""cross_minus_own_r2"":0.0051251026496901275,""cross_minus_car_r2"":-0.011177161070216046,""own_hit"":0.5024084410123099,""car_hit"":0.5134949155134184,""cross_hit"":0.5061371276678915,""n"":12791}]"
300,best,ccz,20,6000,3000,10,real_minus_placebo,,,,0.007333500071936339,0.007333500071936339,,,0.0035716258509020937,0.31150625351999794,,,,,,,,,,
300,best,ccz,30,9000,3000,10,real,-0.028658632859231592,-0.021561828288825247,-0.022975858351202805,0.005682774508028787,-0.0014140300623775581,0.5126444257403014,0.5238159002218992,0.5128739765858138,1.5601359354628643,1.5761558355315826,1.5681458854972217,1.5601359354628643,1.5441160353941443,0.5124107913104855,0.024525260362398035,1.0,SOL,0.010949871605746786,"[{""asset"":""BTC"",""own_r2"":-0.024976149117607704,""car_r2"":-0.022708121782264223,""cross_r2"":-0.024189301760752846,""cross_minus_own_r2"":0.0007868473568548584,""cross_minus_car_r2"":-0.0014811799784886226,""own_hit"":0.513046139719948,""car_hit"":0.5412808937179585,""cross_hit"":0.5118983854923865,""n"":13069},{""asset"":""ETH"",""own_r2"":-0.026983764718133685,""car_r2"":-0.021625368751163387,""cross_r2"":-0.025141338320184614,""cross_minus_own_r2"":0.0018424263979490707,""cross_minus_car_r2"":-0.0035159695690212267,""own_hit"":0.521233453209886,""car_hit"":0.5369194276532252,""cross_hit"":0.5274313260387176,""n"":13069},{""asset"":""SOL"",""own_r2"":-0.03200464999019048,""car_r2"":-0.026189497488420255,""cross_r2"":-0.021054778384443695,""cross_minus_own_r2"":0.010949871605746786,""cross_minus_car_r2"":0.005134719103976559,""own_hit"":0.5078429872216697,""car_hit"":0.5094498431402555,""cross_hit"":0.4982783686586579,""n"":13069},{""asset"":""XRP"",""own_r2"":-0.030669967610994497,""car_r2"":-0.01572432513345312,""cross_r2"":-0.021518014939430063,""cross_minus_own_r2"":0.009151952671564434,""cross_minus_car_r2"":-0.005793689805976943,""own_hit"":0.5084551228097024,""car_hit"":0.5076134363761573,""cross_hit"":0.513887826153493,""n"":13069}]"
300,best,ccz,30,9000,3000,10,placebo,-0.028658632859231592,-0.021561828288825247,-0.032480687273534536,-0.0038220544143029445,-0.01091885898470929,0.5126444257403014,0.5238159002218992,0.5072959862295594,4.4697278581962765,4.501970063476687,4.485848960836483,4.4697278581962765,4.437485652915867,0.5060352272499046,0.05047308278085574,1.0,XRP,-0.0010331154209064497,"[{""asset"":""BTC"",""own_r2"":-0.024976149117607704,""car_r2"":-0.022708121782264223,""cross_r2"":-0.034996932617322285,""cross_minus_own_r2"":-0.01002078349971458,""cross_minus_car_r2"":-0.012288810835058062,""own_hit"":0.513046139719948,""car_hit"":0.5412808937179585,""cross_hit"":0.5031687661372349,""n"":12781},{""asset"":""ETH"",""own_r2"":-0.026983764718133685,""car_r2"":-0.021625368751163387,""cross_r2"":-0.029447124394155866,""cross_minus_own_r2"":-0.002463359676022181,""cross_minus_car_r2"":-0.007821755642992478,""own_hit"":0.521233453209886,""car_hit"":0.5369194276532252,""cross_hit"":0.5054377591737735,""n"":12781},{""asset"":""SOL"",""own_r2"":-0.03200464999019048,""car_r2"":-0.026189497488420255,""cross_r2"":-0.03377560905075905,""cross_minus_own_r2"":-0.0017709590605685666,""cross_minus_car_r2"":-0.007586111562338793,""own_hit"":0.5078429872216697,""car_hit"":0.5094498431402555,""cross_hit"":0.5044206243642907,""n"":12781},{""asset"":""XRP"",""own_r2"":-0.030669967610994497,""car_r2"":-0.01572432513345312,""cross_r2"":-0.03170308303190095,""cross_minus_own_r2"":-0.0010331154209064497,""cross_minus_car_r2"":-0.015978757898447826,""own_hit"":0.5084551228097024,""car_hit"":0.5076134363761573,""cross_hit"":0.5161567952429388,""n"":12781}]"
300,best,ccz,30,9000,3000,10,real_minus_placebo,,,,0.009504828922331732,0.009504828922331732,,,0.005577990356254392,-2.909591922733412,,,,,,,,,,
300,sum,ccz,1,300,3000,10,real,-0.0041957737395574846,-0.0018371359641154439,-0.0008346879374944161,0.0033610858020630685,0.0010024480266210278,0.492746984272408,0.4971751412429379,0.49501832340815394,0.038829030335005524,0.17833052098238758,0.10857977565869655,0.038829030335005524,-0.10067246031237649,0.5055033341367398,0.21309324165184765,0.9690674406171237,XRP,0.004845405908258105,"[{""asset"":""BTC"",""own_r2"":-0.0030350390897060375,""car_r2"":-0.0017698919594371088,""cross_r2"":-0.0012253326264566322,""cross_minus_own_r2"":0.0018097064632494053,""cross_minus_car_r2"":0.0005445593329804765,""own_hit"":0.49763322644678576,""car_hit"":0.5100778744846541,""cross_hit"":0.5040464193006566,""n"":13098},{""asset"":""ETH"",""own_r2"":-0.0042037422065170915,""car_r2"":-0.0020510862872875624,""cross_r2"":-0.0007373563808521499,""cross_minus_own_r2"":0.0034663858256649416,""cross_minus_car_r2"":0.0013137299064354124,""own_hit"":0.5011452130096198,""car_hit"":0.5083218812032372,""cross_hit"":0.5077874484654146,""n"":13098},{""asset"":""SOL"",""own_r2"":-0.004191171098871793,""car_r2"":-0.0017353879749324452,""cross_r2"":-0.0008683260877919707,""cross_minus_own_r2"":0.0033228450110798224,""cross_minus_car_r2"":0.0008670618871404745,""own_hit"":0.4832035425255764,""car_hit"":0.4795388608947931,""cross_hit"":0.4780882577492747,""n"":13098},{""asset"":""XRP"",""own_r2"":-0.005353142563135016,""car_r2"":-0.0017921776348046592,""cross_r2"":-0.0005077366548769113,""cross_minus_own_r2"":0.004845405908258105,""cross_minus_car_r2"":0.0012844409799277479,""own_hit"":0.48900595510765005,""car_hit"":0.49076194838906706,""cross_hit"":0.49015116811726983,""n"":13098}]"
300,sum,ccz,1,300,3000,10,placebo,-0.0041957737395574846,-0.0018371359641154439,-0.0007874349229702315,0.003408338816587253,0.0010497010411452123,0.492746984272408,0.4971751412429379,0.4917447306791569,-0.34412278812093905,-0.005008347011104197,-0.17456556756602154,-0.34412278812093905,-0.683237229230774,0.4984753651099342,0.5296594160247323,0.990081999219055,XRP,0.004759449621949408,"[{""asset"":""BTC"",""own_r2"":-0.0030350390897060375,""car_r2"":-0.0017698919594371088,""cross_r2"":-0.0003697758910436999,""cross_minus_own_r2"":0.0026652631986623376,""cross_minus_car_r2"":0.0014001160683934089,""own_hit"":0.49763322644678576,""car_hit"":0.5100778744846541,""cross_hit"":0.5008587041373926,""n"":12810},{""asset"":""ETH"",""own_r2"":-0.0042037422065170915,""car_r2"":-0.0020510862872875624,""cross_r2"":-0.0012653316322102093,""cross_minus_own_r2"":0.0029384105743068822,""cross_minus_car_r2"":0.0007857546550773531,""own_hit"":0.5011452130096198,""car_hit"":0.5083218812032372,""cross_hit"":0.4959406713505074,""n"":12810},{""asset"":""SOL"",""own_r2"":-0.004191171098871793,""car_r2"":-0.0017353879749324452,""cross_r2"":-0.0009209392274414085,""cross_minus_own_r2"":0.0032702318714303846,""cross_minus_car_r2"":0.0008144487474910367,""own_hit"":0.4832035425255764,""car_hit"":0.4795388608947931,""cross_hit"":0.47993754879000783,""n"":12810},{""asset"":""XRP"",""own_r2"":-0.005353142563135016,""car_r2"":-0.0017921776348046592,""cross_r2"":-0.0005936929411856084,""cross_minus_own_r2"":0.004759449621949408,""cross_minus_car_r2"":0.0011984846936190507,""own_hit"":0.48900595510765005,""car_hit"":0.49076194838906706,""cross_hit"":0.49024199843871974,""n"":12810}]"
300,sum,ccz,1,300,3000,10,real_minus_placebo,,,,-4.725301452418451e-05,-4.725301452418451e-05,,,0.0032735927289970213,0.38295181845594456,,,,,,,,,,
300,sum,ccz,2,600,3000,10,real,-0.006168252343236202,-0.004250293037467268,-0.0018020329043328953,0.004366219438903307,0.0024482601331343723,0.5025960143544322,0.5110712376880202,0.5110712376880202,0.5421382531963147,0.69038774314597,0.6162629981711425,0.5421382531963147,0.3938887632466596,0.5123355263157895,0.2264734035283459,0.9945768408188207,XRP,0.005234442533528227,"[{""asset"":""BTC"",""own_r2"":-0.0055509952700207865,""car_r2"":-0.003857884987524818,""cross_r2"":-0.0019994749561011993,""cross_minus_own_r2"":0.0035515203139195872,""cross_minus_car_r2"":0.0018584100314236185,""own_hit"":0.503092311216309,""car_hit"":0.5198136977933878,""cross_hit"":0.5156906161716424,""n"":13097},{""asset"":""ETH"",""own_r2"":-0.006223419119501861,""car_r2"":-0.004794682706012798,""cross_r2"":-0.0020987158084664337,""cross_minus_own_r2"":0.004124703311035427,""cross_minus_car_r2"":0.0026959668975463646,""own_hit"":0.5036267847598687,""car_hit"":0.5112621210964343,""cross_hit"":0.5111857677330687,""n"":13097},{""asset"":""SOL"",""own_r2"":-0.00607558355428095,""car_r2"":-0.004211733341942692,""cross_r2"":-0.0015213719571509632,""cross_minus_own_r2"":0.004554211597129987,""cross_minus_car_r2"":0.0026903613847917285,""own_hit"":0.5031686645796747,""car_hit"":0.5050011453004505,""cross_hit"":0.5053065587539131,""n"":13097},{""asset"":""XRP"",""own_r2"":-0.0068230114291412125,""car_r2"":-0.004136871114388763,""cross_r2"":-0.001588568895612985,""cross_minus_own_r2"":0.005234442533528227,""cross_minus_car_r2"":0.0025483022187757776,""own_hit"":0.5004962968618768,""car_hit"":0.5082079865618081,""cross_hit"":0.5121020080934565,""n"":13097}]"
300,sum,ccz,2,600,3000,10,placebo,-0.006168252343236202,-0.004250293037467268,-0.002099444181753618,0.004068808161482584,0.0021508488557136496,0.5025960143544322,0.5110712376880202,0.5071043797330003,-0.15326253714143745,0.12470330405128735,-0.014279616545075091,-0.15326253714143745,-0.4312283783341623,0.506500923903914,0.4341859437562086,0.9684473601999375,XRP,0.004991797645105267,"[{""asset"":""BTC"",""own_r2"":-0.0055509952700207865,""car_r2"":-0.003857884987524818,""cross_r2"":-0.0019454618690195602,""cross_minus_own_r2"":0.0036055334010012263,""cross_minus_car_r2"":0.0019124231185052576,""own_hit"":0.503092311216309,""car_hit"":0.5198136977933878,""cross_hit"":0.5103442891716762,""n"":12809},{""asset"":""ETH"",""own_r2"":-0.006223419119501861,""car_r2"":-0.004794682706012798,""cross_r2"":-0.00277875078924561,""cross_minus_own_r2"":0.003444668330256251,""cross_minus_car_r2"":0.0020159319167671885,""own_hit"":0.5036267847598687,""car_hit"":0.5112621210964343,""cross_hit"":0.5066749941447419,""n"":12809},{""asset"":""SOL"",""own_r2"":-0.00607558355428095,""car_r2"":-0.004211733341942692,""cross_r2"":-0.0018423502847133566,""cross_minus_own_r2"":0.004233233269567593,""cross_minus_car_r2"":0.002369383057229335,""own_hit"":0.5031686645796747,""car_hit"":0.5050011453004505,""cross_hit"":0.5039425404012804,""n"":12809},{""asset"":""XRP"",""own_r2"":-0.0068230114291412125,""car_r2"":-0.004136871114388763,""cross_r2"":-0.0018312137840359455,""cross_minus_own_r2"":0.004991797645105267,""cross_minus_car_r2"":0.002305657330352817,""own_hit"":0.5004962968618768,""car_hit"":0.5082079865618081,""cross_hit"":0.5074556952143024,""n"":12809}]"
300,sum,ccz,2,600,3000,10,real_minus_placebo,,,,0.0002974112774207227,0.0002974112774207227,,,0.003966857955019942,0.6954007903377522,,,,,,,,,,
300,sum,ccz,3,900,3000,10,real,-0.008020034364991213,-0.006487733058410938,-0.002642456783786995,0.005377577581204218,0.0038452762746239433,0.5018708002443494,0.5071204948075748,0.5111102626756262,0.6525177340021697,0.7536679103299413,0.7030928221660556,0.6525177340021697,0.5513675576743986,0.5132145735486202,0.15453391845966147,0.9752501718738065,SOL,0.005898536584453273,"[{""asset"":""BTC"",""own_r2"":-0.007887810978524756,""car_r2"":-0.006741753156213948,""cross_r2"":-0.002735115502780383,""cross_minus_own_r2"":0.005152695475744373,""cross_minus_car_r2"":0.004006637653433565,""own_hit"":0.4971747098350641,""car_hit"":0.5120647525962125,""cross_hit"":0.5133628588882101,""n"":13096},{""asset"":""ETH"",""own_r2"":-0.008060464262521272,""car_r2"":-0.007290275226167875,""cross_r2"":-0.002629097573684458,""cross_minus_own_r2"":0.005431366688836814,""cross_minus_car_r2"":0.004661177652483417,""own_hit"":0.504505192425168,""car_hit"":0.5061850946854001,""cross_hit"":0.5155772755039707,""n"":13096},{""asset"":""SOL"",""own_r2"":-0.008228032920129635,""car_r2"":-0.005322856053272318,""cross_r2"":-0.002329496335676362,""cross_minus_own_r2"":0.005898536584453273,""cross_minus_car_r2"":0.002993359717595956,""own_hit"":0.49877825290164934,""car_hit"":0.5033598045204642,""cross_hit"":0.502672571777642,""n"":13096},{""asset"":""XRP"",""own_r2"":-0.007903829298789189,""car_r2"":-0.006596047797989613,""cross_r2"":-0.002876117723006777,""cross_minus_own_r2"":0.005027711575782412,""cross_minus_car_r2"":0.0037199300749828357,""own_hit"":0.5070250458155162,""car_hit"":0.5068723274282224,""cross_hit"":0.5128283445326818,""n"":13096}]"
300,sum,ccz,3,900,3000,10,placebo,-0.008020034364991213,-0.006487733058410938,-0.0037972797253759127,0.0042227546396153,0.0026904533330350255,0.5018708002443494,0.5071204948075748,0.5076514678326046,-0.05180735381300544,0.1540384883027705,0.05111556724488242,-0.05180735381300544,-0.2576531959287814,0.5055833968841922,0.3215587629708287,0.9985159728188706,SOL,0.005381261121111924,"[{""asset"":""BTC"",""own_r2"":-0.007887810978524756,""car_r2"":-0.006741753156213948,""cross_r2"":-0.004240427521006396,""cross_minus_own_r2"":0.0036473834575183606,""cross_minus_car_r2"":0.002501325635207552,""own_hit"":0.4971747098350641,""car_hit"":0.5120647525962125,""cross_hit"":0.5064803247970019,""n"":12808},{""asset"":""ETH"",""own_r2"":-0.008060464262521272,""car_r2"":-0.007290275226167875,""cross_r2"":-0.004474347338397022,""cross_minus_own_r2"":0.0035861169241242496,""cross_minus_car_r2"":0.0028159278877708527,""own_hit"":0.504505192425168,""car_hit"":0.5061850946854001,""cross_hit"":0.5052311055590256,""n"":12808},{""asset"":""SOL"",""own_r2"":-0.008228032920129635,""car_r2"":-0.005322856053272318,""cross_r2"":-0.002846771799017711,""cross_minus_own_r2"":0.005381261121111924,""cross_minus_car_r2"":0.002476084254254607,""own_hit"":0.49877825290164934,""car_hit"":0.5033598045204642,""cross_hit"":0.5077295440349782,""n"":12808},{""asset"":""XRP"",""own_r2"":-0.007903829298789189,""car_r2"":-0.006596047797989613,""cross_r2"":-0.003627572243082522,""cross_minus_own_r2"":0.004276257055706667,""cross_minus_car_r2"":0.0029684755549070907,""own_hit"":0.5070250458155162,""car_hit"":0.5068723274282224,""cross_hit"":0.5111648969394129,""n"":12808}]"
300,sum,ccz,3,900,3000,10,real_minus_placebo,,,,0.0011548229415889177,0.0011548229415889177,,,0.0034587948430215842,0.7043250878151752,,,,,,,,,,
300,sum,ccz,5,1500,3000,10,real,-0.011284332994224489,-0.008542347243880755,-0.00466272270328455,0.006621610290939939,0.003879624540596205,0.5021192912784482,0.5041049335573545,0.5142813502367497,1.7376415182399398,1.8185921412247659,1.7781168297323533,1.7376415182399398,1.656690895255114,0.5125820696745251,0.1236926013978547,1.0,BTC,0.007283034582631132,"[{""asset"":""BTC"",""own_r2"":-0.011854231580675112,""car_r2"":-0.008141900083744824,""cross_r2"":-0.00457119699804398,""cross_minus_own_r2"":0.007283034582631132,""cross_minus_car_r2"":0.0035707030857008437,""own_hit"":0.48854437146784785,""car_hit"":0.5012219337100963,""cross_hit"":0.5147395753780357,""n"":13094},{""asset"":""ETH"",""own_r2"":-0.011201145793168443,""car_r2"":-0.01052814267385993,""cross_r2"":-0.004267831686828316,""cross_minus_own_r2"":0.006933314106340127,""cross_minus_car_r2"":0.006260310987031614,""own_hit"":0.5114556285321521,""car_hit"":0.5063387811211242,""cross_hit"":0.5160378799450129,""n"":13094},{""asset"":""SOL"",""own_r2"":-0.011993231888332456,""car_r2"":-0.007468004835688102,""cross_r2"":-0.004899679665131718,""cross_minus_own_r2"":0.007093552223200739,""cross_minus_car_r2"":0.0025683251705563848,""own_hit"":0.5029020925614786,""car_hit"":0.5021383839926684,""cross_hit"":0.51053917824958,""n"":13094},{""asset"":""XRP"",""own_r2"":-0.010088722714721943,""car_r2"":-0.008031341382230162,""cross_r2"":-0.004912182463134185,""cross_minus_own_r2"":0.005176540251587758,""cross_minus_car_r2"":0.0031191589190959768,""own_hit"":0.505575072552314,""car_hit"":0.5067206354055293,""cross_hit"":0.51580876737437,""n"":13094}]"
300,sum,ccz,5,1500,3000,10,placebo,-0.011284332994224489,-0.008542347243880755,-0.006546438345135741,0.0047378946490887475,0.0019959088987450135,0.5021192912784482,0.5041049335573545,0.504060596595346,0.44774484433555495,0.5711873452054781,0.5094660947705165,0.44774484433555495,0.324302343465632,0.5041234738539507,0.19286384012174512,0.9996875244121552,SOL,0.007841882276898637,"[{""asset"":""BTC"",""own_r2"":-0.011854231580675112,""car_r2"":-0.008141900083744824,""cross_r2"":-0.006790448342771871,""cross_minus_own_r2"":0.005063783237903241,""cross_minus_car_r2"":0.0013514517409729532,""own_hit"":0.48854437146784785,""car_hit"":0.5012219337100963,""cross_hit"":0.5035920662189599,""n"":12806},{""asset"":""ETH"",""own_r2"":-0.011201145793168443,""car_r2"":-0.01052814267385993,""cross_r2"":-0.007065882844923932,""cross_minus_own_r2"":0.004135262948244511,""cross_minus_car_r2"":0.0034622598289359985,""own_hit"":0.5114556285321521,""car_hit"":0.5063387811211242,""cross_hit"":0.5057785413087615,""n"":12806},{""asset"":""SOL"",""own_r2"":-0.011993231888332456,""car_r2"":-0.007468004835688102,""cross_r2"":-0.004151349611433819,""cross_minus_own_r2"":0.007841882276898637,""cross_minus_car_r2"":0.0033166552242542835,""own_hit"":0.5029020925614786,""car_hit"":0.5021383839926684,""cross_hit"":0.504294861783539,""n"":12806},{""asset"":""XRP"",""own_r2"":-0.010088722714721943,""car_r2"":-0.008031341382230162,""cross_r2"":-0.008178072581413343,""cross_minus_own_r2"":0.0019106501333086001,""cross_minus_car_r2"":-0.000146731199183181,""own_hit"":0.505575072552314,""car_hit"":0.5067206354055293,""cross_hit"":0.5025769170701234,""n"":12806}]"
300,sum,ccz,5,1500,3000,10,real_minus_placebo,,,,0.0018837156418511913,0.0018837156418511913,,,0.010220753641403735,1.289896673904385,,,,,,,,,,
300,sum,ccz,10,3000,3000,10,real,-0.01747388831055613,-0.013687512501089572,-0.010127261805395249,0.00734662650516088,0.0035602506956943225,0.4986247994499198,0.5037436014974406,0.5139430055772023,2.746389281631311,2.7937369154701215,2.7700630985507164,2.746389281631311,2.6990416477924994,0.5146634813411319,0.0723748606524168,0.9971721186181596,BTC,0.009814989041913247,"[{""asset"":""BTC"",""own_r2"":-0.01657522115600285,""car_r2"":-0.014897798019204656,""cross_r2"":-0.006760232114089604,""cross_minus_own_r2"":0.009814989041913247,""cross_minus_car_r2"":0.008137565905115052,""own_hit"":0.487661395064558,""car_hit"":0.5044694017877607,""cross_hit"":0.5140194056077623,""n"":13089},{""asset"":""ETH"",""own_r2"":-0.016814671848954132,""car_r2"":-0.014963331996208362,""cross_r2"":-0.008785794158140625,""cross_minus_own_r2"":0.008028877690813507,""cross_minus_car_r2"":0.006177537838067737,""own_hit"":0.5117274046909619,""car_hit"":0.5050042020016808,""cross_hit"":0.5175338070135228,""n"":13089},{""asset"":""SOL"",""own_r2"":-0.01905999849955542,""car_r2"":-0.01223569651371692,""cross_r2"":-0.015752095276069467,""cross_minus_own_r2"":0.003307903223485953,""cross_minus_car_r2"":-0.003516398762352546,""own_hit"":0.5019482007792803,""car_hit"":0.5011842004736802,""cross_hit"":0.5106578042631217,""n"":13089},{""asset"":""XRP"",""own_r2"":-0.017445661737712115,""car_r2"":-0.012653223475228348,""cross_r2"":-0.0092109256732813,""cross_minus_own_r2"":0.008234736064430814,""cross_minus_car_r2"":0.0034422978019470474,""own_hit"":0.4931621972648789,""car_hit"":0.5043166017266407,""cross_hit"":0.5135610054244022,""n"":13089}]"
300,sum,ccz,10,3000,3000,10,placebo,-0.01747388831055613,-0.013687512501089572,-0.011374062058659429,0.006099826251896701,0.0023134504424301428,0.4986247994499198,0.5037436014974406,0.5001367080696821,1.039752236401632,1.0761645312602668,1.057958383830949,1.039752236401632,1.0033399415429973,0.5007520089381634,0.056911995715277365,1.0,SOL,0.01226121007872516,"[{""asset"":""BTC"",""own_r2"":-0.01657522115600285,""car_r2"":-0.014897798019204656,""cross_r2"":-0.010288550950751318,""cross_minus_own_r2"":0.006286670205251532,""cross_minus_car_r2"":0.004609247068453337,""own_hit"":0.487661395064558,""car_hit"":0.5044694017877607,""cross_hit"":0.4960549957034607,""n"":12801},{""asset"":""ETH"",""own_r2"":-0.016814671848954132,""car_r2"":-0.014963331996208362,""cross_r2"":-0.012531941887399256,""cross_minus_own_r2"":0.004282729961554876,""cross_minus_car_r2"":0.002431390108809106,""own_hit"":0.5117274046909619,""car_hit"":0.5050042020016808,""cross_hit"":0.5047261932661511,""n"":12801},{""asset"":""SOL"",""own_r2"":-0.01905999849955542,""car_r2"":-0.01223569651371692,""cross_r2"":-0.00679878842083026,""cross_minus_own_r2"":0.01226121007872516,""cross_minus_car_r2"":0.005436908092886661,""own_hit"":0.5019482007792803,""car_hit"":0.5011842004736802,""cross_hit"":0.5005858917272088,""n"":12801},{""asset"":""XRP"",""own_r2"":-0.017445661737712115,""car_r2"":-0.012653223475228348,""cross_r2"":-0.01587696697565688,""cross_minus_own_r2"":0.0015686947620552338,""cross_minus_car_r2"":-0.003223743500428533,""own_hit"":0.4931621972648789,""car_hit"":0.5043166017266407,""cross_hit"":0.49917975158190764,""n"":12801}]"
300,sum,ccz,10,3000,3000,10,real_minus_placebo,,,,0.0012468002532641798,0.0012468002532641798,,,0.01380629750752016,1.7066370452296789,,,,,,,,,,
300,sum,ccz,20,6000,3000,10,real,-0.024992250517792303,-0.015545157919549635,-0.015490847662987972,0.00950140285480433,5.431025656166266e-05,0.5052565180824222,0.5160371588041899,0.5190572673751817,4.847891727831352,4.880974521211635,4.864433124521494,4.847891727831352,4.81480893445107,0.518808962264151,0.050608525899162315,1.0,XRP,0.012104674628106826,"[{""asset"":""BTC"",""own_r2"":-0.022143642407659758,""car_r2"":-0.020231543632371674,""cross_r2"":-0.012723032386325661,""cross_minus_own_r2"":0.009420610021334097,""cross_minus_car_r2"":0.007508511246046012,""own_hit"":0.49032800672834315,""car_hit"":0.5174707546448505,""cross_hit"":0.5191528404312257,""n"":13079},{""asset"":""ETH"",""own_r2"":-0.024558900657430494,""car_r2"":-0.013758691466437156,""cross_r2"":-0.013440499124553806,""cross_minus_own_r2"":0.011118401532876687,""cross_minus_car_r2"":0.0003181923418833499,""own_hit"":0.5184647144277086,""car_hit"":0.5235109717868338,""cross_hit"":0.524887223793868,""n"":13079},{""asset"":""SOL"",""own_r2"":-0.02746442607914923,""car_r2"":-0.01706004961424923,""cross_r2"":-0.022102500842249517,""cross_minus_own_r2"":0.005361925236899712,""cross_minus_car_r2"":-0.005042451228000289,""own_hit"":0.5093661594923159,""car_hit"":0.5096719932716569,""cross_hit"":0.5131126232892423,""n"":13079},{""asset"":""XRP"",""own_r2"":-0.02580203292692973,""car_r2"":-0.01113034696514048,""cross_r2"":-0.013697358298822904,""cross_minus_own_r2"":0.012104674628106826,""cross_minus_car_r2"":-0.002567011333682423,""own_hit"":0.5028671916813212,""car_hit"":0.5134949155134184,""cross_hit"":0.5190763819863904,""n"":13079}]"
300,sum,ccz,20,6000,3000,10,placebo,-0.024992250517792303,-0.015545157919549635,-0.02340288986488992,0.001589360652902383,-0.007857731945340285,0.5052565180824222,0.5160371588041899,0.5026581189899149,0.9559497998954085,0.9844834275360426,0.970216613715726,0.9559497998954085,0.9274161722547749,0.5026363453411149,0.04463261010579475,0.9998435789144376,SOL,0.011788375125008743,"[{""asset"":""BTC"",""own_r2"":-0.022143642407659758,""car_r2"":-0.020231543632371674,""cross_r2"":-0.02212552901495002,""cross_minus_own_r2"":1.8113392709739884e-05,""cross_minus_car_r2"":-0.0018939853825783448,""own_hit"":0.49032800672834315,""car_hit"":0.5174707546448505,""cross_hit"":0.49972637010397936,""n"":12791},{""asset"":""ETH"",""own_r2"":-0.024558900657430494,""car_r2"":-0.013758691466437156,""cross_r2"":-0.022422627874865597,""cross_minus_own_r2"":0.0021362727825648964,""cross_minus_car_r2"":-0.008663936408428441,""own_hit"":0.5184647144277086,""car_hit"":0.5235109717868338,""cross_hit"":0.508247986865765,""n"":12791},{""asset"":""SOL"",""own_r2"":-0.02746442607914923,""car_r2"":-0.01706004961424923,""cross_r2"":-0.015676050954140486,""cross_minus_own_r2"":0.011788375125008743,""cross_minus_car_r2"":0.0013839986601087428,""own_hit"":0.5093661594923159,""car_hit"":0.5096719932716569,""cross_hit"":0.5019154092721445,""n"":12791},{""asset"":""XRP"",""own_r2"":-0.02580203292692973,""car_r2"":-0.01113034696514048,""cross_r2"":-0.03338735161560358,""cross_minus_own_r2"":-0.007585318688673848,""cross_minus_car_r2"":-0.022257004650463097,""own_hit"":0.5028671916813212,""car_hit"":0.5134949155134184,""cross_hit"":0.5007427097177704,""n"":12791}]"
300,sum,ccz,20,6000,3000,10,real_minus_placebo,,,,0.007912042201901948,0.007912042201901948,,,0.016399148385266793,3.8919419279359437,,,,,,,,,,
300,sum,ccz,30,9000,3000,10,real,-0.03257171538107201,-0.021561828288825247,-0.02682443032653059,0.005747285054541418,-0.005262602037705344,0.5124531333690413,0.5238159002218992,0.5222664320146913,5.010976214048696,5.058727438256693,5.034851826152694,5.010976214048696,4.9632249898407,0.5215065310346174,0.07310352756888702,1.0,XRP,0.011609282831370749,"[{""asset"":""BTC"",""own_r2"":-0.03022679765539027,""car_r2"":-0.022708121782264223,""cross_r2"":-0.026485682443243785,""cross_minus_own_r2"":0.003741115212146484,""cross_minus_car_r2"":-0.003777560660979562,""own_hit"":0.49422297038794094,""car_hit"":0.5412808937179585,""cross_hit"":0.5249062667380825,""n"":13069},{""asset"":""ETH"",""own_r2"":-0.031110443794805098,""car_r2"":-0.021625368751163387,""cross_r2"":-0.02479181148429399,""cross_minus_own_r2"":0.0063186323105111075,""cross_minus_car_r2"":-0.0031664427331306033,""own_hit"":0.5265131226566685,""car_hit"":0.5369194276532252,""cross_hit"":0.5253653684291071,""n"":13069},{""asset"":""SOL"",""own_r2"":-0.03646760640771696,""car_r2"":-0.026189497488420255,""cross_r2"":-0.035147496543579626,""cross_minus_own_r2"":0.001320109864137331,""cross_minus_car_r2"":-0.008957999055159371,""own_hit"":0.5124340041319152,""car_hit"":0.5094498431402555,""cross_hit"":0.5120514193893948,""n"":13069},{""asset"":""XRP"",""own_r2"":-0.03248201366637571,""car_r2"":-0.01572432513345312,""cross_r2"":-0.02087273083500496,""cross_minus_own_r2"":0.011609282831370749,""cross_minus_car_r2"":-0.005148405701551839,""own_hit"":0.5166424362996404,""car_hit"":0.5076134363761573,""cross_hit"":0.5267426735021807,""n"":13069}]"
300,sum,ccz,30,9000,3000,10,placebo,-0.03257171538107201,-0.021561828288825247,-0.039001308571996685,-0.006429593190924676,-0.017439480283171438,0.5124531333690413,0.5238159002218992,0.5006650496831234,0.9262047045644746,0.9693600123825128,0.9477823584734946,0.9262047045644746,0.8830493967464337,0.5005075333877356,0.06755683753606842,1.0,SOL,0.009108290998458113,"[{""asset"":""BTC"",""own_r2"":-0.03022679765539027,""car_r2"":-0.022708121782264223,""cross_r2"":-0.036087609159799694,""cross_minus_own_r2"":-0.0058608115044094244,""cross_minus_car_r2"":-0.01337948737753547,""own_hit"":0.49422297038794094,""car_hit"":0.5412808937179585,""cross_hit"":0.5064548939832564,""n"":12781},{""asset"":""ETH"",""own_r2"":-0.031110443794805098,""car_r2"":-0.021625368751163387,""cross_r2"":-0.034208309475181053,""cross_minus_own_r2"":-0.0030978656803759552,""cross_minus_car_r2"":-0.012582940724017666,""own_hit"":0.5265131226566685,""car_hit"":0.5369194276532252,""cross_hit"":0.5027775604412801,""n"":12781},{""asset"":""SOL"",""own_r2"":-0.03646760640771696,""car_r2"":-0.026189497488420255,""cross_r2"":-0.027359315409258844,""cross_minus_own_r2"":0.009108290998458113,""cross_minus_car_r2"":-0.0011698179208385895,""own_hit"":0.5124340041319152,""car_hit"":0.5094498431402555,""cross_hit"":0.5011344965182694,""n"":12781},{""asset"":""XRP"",""own_r2"":-0.03248201366637571,""car_r2"":-0.01572432513345312,""cross_r2"":-0.05835000024374715,""cross_minus_own_r2"":-0.025867986577371438,""cross_minus_car_r2"":-0.042625675110294026,""own_hit"":0.5166424362996404,""car_hit"":0.5076134363761573,""cross_hit"":0.4922932477896878,""n"":12781}]"
300,sum,ccz,30,9000,3000,10,real_minus_placebo,,,,0.012176878245466094,0.012176878245466094,,,0.02160138233156783,4.084771509484222,,,,,,,,,,
300,distance,ccz,1,300,3000,10,real,-0.00410236210169479,-0.0018371359641154439,-0.0008495112124223825,0.0032528508892724073,0.0009876247516930614,0.4915635974958009,0.4971751412429379,0.4936822415635975,-0.0032961442899422932,0.18274613483118662,0.08972499527062223,-0.0032961442899422932,-0.18933842341107116,0.5055586659201792,0.2841858689698754,0.9692201939967922,XRP,0.004957822510614829,"[{""asset"":""BTC"",""own_r2"":-0.00307106019624781,""car_r2"":-0.0017698919594371088,""cross_r2"":-0.001273919687651226,""cross_minus_own_r2"":0.0017971405085965841,""cross_minus_car_r2"":0.0004959722717858828,""own_hit"":0.4933577645442052,""car_hit"":0.5100778744846541,""cross_hit"":0.5034356390288593,""n"":13098},{""asset"":""ETH"",""own_r2"":-0.0037312772548312445,""car_r2"":-0.0020510862872875624,""cross_r2"":-0.0006838418697330262,""cross_minus_own_r2"":0.0030474353850982183,""cross_minus_car_r2"":0.0013672444175545362,""own_hit"":0.5031302488929608,""car_hit"":0.5083218812032372,""cross_hit"":0.5048098946404032,""n"":13098},{""asset"":""SOL"",""own_r2"":-0.004025775957856581,""car_r2"":-0.0017353879749324452,""cross_r2"":-0.0008167708050765832,""cross_minus_own_r2"":0.003209005152779998,""cross_minus_car_r2"":0.0009186171698558621,""own_hit"":0.4811421591082608,""car_hit"":0.4795388608947931,""cross_hit"":0.47801191021530004,""n"":13098},{""asset"":""XRP"",""own_r2"":-0.005581334997843523,""car_r2"":-0.0017921776348046592,""cross_r2"":-0.0006235124872286946,""cross_minus_own_r2"":0.004957822510614829,""cross_minus_car_r2"":0.0011686651475759646,""own_hit"":0.4886242174377768,""car_hit"":0.49076194838906706,""cross_hit"":0.48847152236982744,""n"":13098}]"
300,distance,ccz,1,300,3000,10,placebo,-0.00410236210169479,-0.0018371359641154439,-0.0009072244410630592,0.0031951376606317305,0.0009299115230523847,0.4915635974958009,0.4971751412429379,0.49236924277907884,-0.25242388298052704,0.09837044540308629,-0.07702671878872033,-0.25242388298052704,-0.6032182113641401,0.5002381897578404,0.5479021138361785,0.9913315111284654,XRP,0.004819602743714402,"[{""asset"":""BTC"",""own_r2"":-0.00307106019624781,""car_r2"":-0.0017698919594371088,""cross_r2"":-0.0005768920002191535,""cross_minus_own_r2"":0.0024941681960286566,""cross_minus_car_r2"":0.0011929999592179552,""own_hit"":0.4933577645442052,""car_hit"":0.5100778744846541,""cross_hit"":0.4998438719750195,""n"":12810},{""asset"":""ETH"",""own_r2"":-0.0037312772548312445,""car_r2"":-0.0020510862872875624,""cross_r2"":-0.0014408998467725365,""cross_minus_own_r2"":0.002290377408058708,""cross_minus_car_r2"":0.0006101864405150259,""own_hit"":0.5031302488929608,""car_hit"":0.5083218812032372,""cross_hit"":0.49828259172521466,""n"":12810},{""asset"":""SOL"",""own_r2"":-0.004025775957856581,""car_r2"":-0.0017353879749324452,""cross_r2"":-0.0008493736631314253,""cross_minus_own_r2"":0.003176402294725156,""cross_minus_car_r2"":0.00088601431180102,""own_hit"":0.4811421591082608,""car_hit"":0.4795388608947931,""cross_hit"":0.48321623731459795,""n"":12810},{""asset"":""XRP"",""own_r2"":-0.005581334997843523,""car_r2"":-0.0017921776348046592,""cross_r2"":-0.0007617322541291216,""cross_minus_own_r2"":0.004819602743714402,""cross_minus_car_r2"":0.0010304453806755376,""own_hit"":0.4886242174377768,""car_hit"":0.49076194838906706,""cross_hit"":0.4881342701014832,""n"":12810}]"
300,distance,ccz,1,300,3000,10,real_minus_placebo,,,,5.771322864067674e-05,5.771322864067674e-05,,,0.001312998784518682,0.24912773869058474,,,,,,,,,,
300,distance,ccz,2,600,3000,10,real,-0.006110421399423527,-0.004250293037467268,-0.0017992233579435246,0.004311198041480002,0.002451069679523743,0.5027105443994808,0.5110712376880202,0.5092005802855616,0.5752425831610702,0.7050706799534066,0.6401566315572385,0.5752425831610702,0.445414486368734,0.5112536109964763,0.19833195354771826,0.9998472349526428,XRP,0.005283601862862142,"[{""asset"":""BTC"",""own_r2"":-0.005621981168913548,""car_r2"":-0.003857884987524818,""cross_r2"":-0.002154407548247139,""cross_minus_own_r2"":0.0034675736206664087,""cross_minus_car_r2"":0.0017034774392776786,""own_hit"":0.5052302053905474,""car_hit"":0.5198136977933878,""cross_hit"":0.5138581354508666,""n"":13097},{""asset"":""ETH"",""own_r2"":-0.005804307110932383,""car_r2"":-0.004794682706012798,""cross_r2"":-0.0016856944609300317,""cross_minus_own_r2"":0.004118612650002351,""cross_minus_car_r2"":0.0031089882450827666,""own_hit"":0.5001908834084141,""car_hit"":0.5112621210964343,""cross_hit"":0.5114911811865313,""n"":13097},{""asset"":""SOL"",""own_r2"":-0.005788973794969898,""car_r2"":-0.004211733341942692,""cross_r2"":-0.0014139697625807912,""cross_minus_own_r2"":0.004375004032389107,""cross_minus_car_r2"":0.0027977635793619005,""own_hit"":0.5036267847598687,""car_hit"":0.5050011453004505,""cross_hit"":0.5042376116667939,""n"":13097},{""asset"":""XRP"",""own_r2"":-0.007226423522878278,""car_r2"":-0.004136871114388763,""cross_r2"":-0.0019428216600161363,""cross_minus_own_r2"":0.005283601862862142,""cross_minus_car_r2"":0.0021940494543726263,""own_hit"":0.501794304039093,""car_hit"":0.5082079865618081,""cross_hit"":0.5072153928380545,""n"":13097}]"
300,distance,ccz,2,600,3000,10,placebo,-0.006110421399423527,-0.004250293037467268,-0.0022451198964021923,0.0038653015030213345,0.0020051731410650753,0.5027105443994808,0.5110712376880202,0.5058942930751815,-0.15918475806476007,0.1440305659877483,-0.007577096038505926,-0.15918475806476007,-0.46240008211726824,0.5060110366574695,0.4736259357271294,0.9716494845360825,XRP,0.005074531290744977,"[{""asset"":""BTC"",""own_r2"":-0.005621981168913548,""car_r2"":-0.003857884987524818,""cross_r2"":-0.0025781332274004143,""cross_minus_own_r2"":0.0030438479415131336,""cross_minus_car_r2"":0.0012797517601244035,""own_hit"":0.5052302053905474,""car_hit"":0.5198136977933878,""cross_hit"":0.506753064251698,""n"":12809},{""asset"":""ETH"",""own_r2"":-0.005804307110932383,""car_r2"":-0.004794682706012798,""cross_r2"":-0.0025867447978025204,""cross_minus_own_r2"":0.0032175623131298625,""cross_minus_car_r2"":0.002207937908210278,""own_hit"":0.5001908834084141,""car_hit"":0.5112621210964343,""cross_hit"":0.508392536497775,""n"":12809},{""asset"":""SOL"",""own_r2"":-0.005788973794969898,""car_r2"":-0.004211733341942692,""cross_r2"":-0.0016637093282725335,""cross_minus_own_r2"":0.004125264466697365,""cross_minus_car_r2"":0.002548024013670158,""own_hit"":0.5036267847598687,""car_hit"":0.5050011453004505,""cross_hit"":0.5036302599734561,""n"":12809},{""asset"":""XRP"",""own_r2"":-0.007226423522878278,""car_r2"":-0.004136871114388763,""cross_r2"":-0.002151892232133301,""cross_minus_own_r2"":0.005074531290744977,""cross_minus_car_r2"":0.0019849788822554615,""own_hit"":0.501794304039093,""car_hit"":0.5082079865618081,""cross_hit"":0.5048013115777968,""n"":12809}]"
300,distance,ccz,2,600,3000,10,real_minus_placebo,,,,0.0004458965384586677,0.0004458965384586677,,,0.0033062872103800656,0.7344273412258303,,,,,,,,,,
300,distance,ccz,3,900,3000,10,real,-0.007938157637415344,-0.006487733058410938,-0.002652825731408792,0.005285331906006552,0.003834907327002146,0.5014890042761149,0.5071204948075748,0.5103084911423336,0.6185286312076523,0.718347844396912,0.6684382378022822,0.6185286312076523,0.5187094180183928,0.5108978529603123,0.15250051667444764,0.9750210067985638,SOL,0.005623302946160091,"[{""asset"":""BTC"",""own_r2"":-0.007869689103511712,""car_r2"":-0.006741753156213948,""cross_r2"":-0.0025874249115396264,""cross_minus_own_r2"":0.005282264191972086,""cross_minus_car_r2"":0.004154328244674321,""own_hit"":0.49778558338423945,""car_hit"":0.5120647525962125,""cross_hit"":0.5122938301771534,""n"":13096},{""asset"":""ETH"",""own_r2"":-0.007693033760956425,""car_r2"":-0.007290275226167875,""cross_r2"":-0.0022062602530086295,""cross_minus_own_r2"":0.005486773507947795,""cross_minus_car_r2"":0.0050840149731592454,""own_hit"":0.5043524740378742,""car_hit"":0.5061850946854001,""cross_hit"":0.5132864996945632,""n"":13096},{""asset"":""SOL"",""own_r2"":-0.007821837513288354,""car_r2"":-0.005322856053272318,""cross_r2"":-0.002198534567128263,""cross_minus_own_r2"":0.005623302946160091,""cross_minus_car_r2"":0.003124321486144055,""own_hit"":0.4971747098350641,""car_hit"":0.5033598045204642,""cross_hit"":0.5047342700061087,""n"":13096},{""asset"":""XRP"",""own_r2"":-0.008368070171904884,""car_r2"":-0.006596047797989613,""cross_r2"":-0.00361908319395865,""cross_minus_own_r2"":0.004748986977946235,""cross_minus_car_r2"":0.0029769646040309627,""own_hit"":0.5066432498472816,""car_hit"":0.5068723274282224,""cross_hit"":0.5109193646915089,""n"":13096}]"
300,distance,ccz,3,900,3000,10,placebo,-0.007938157637415344,-0.006487733058410938,-0.0038845426057396715,0.0040536150316756725,0.002603190452671267,0.5014890042761149,0.5071204948075748,0.5057581199250468,0.03635809666075751,0.2272470582036416,0.13180257743219959,0.03635809666075751,-0.15453086488212653,0.5039628313746926,0.29819411316548317,0.9998437866125127,SOL,0.005053446370689496,"[{""asset"":""BTC"",""own_r2"":-0.007869689103511712,""car_r2"":-0.006741753156213948,""cross_r2"":-0.004943128645598094,""cross_minus_own_r2"":0.0029265604579136184,""cross_minus_car_r2"":0.0017986245106158538,""own_hit"":0.49778558338423945,""car_hit"":0.5120647525962125,""cross_hit"":0.5026545908806995,""n"":12808},{""asset"":""ETH"",""own_r2"":-0.007693033760956425,""car_r2"":-0.007290275226167875,""cross_r2"":-0.0042769873977615,""cross_minus_own_r2"":0.0034160463631949245,""cross_minus_car_r2"":0.0030132878284063747,""own_hit"":0.5043524740378742,""car_hit"":0.5061850946854001,""cross_hit"":0.5051530293566521,""n"":12808},{""asset"":""SOL"",""own_r2"":-0.007821837513288354,""car_r2"":-0.005322856053272318,""cross_r2"":-0.0027683911425988583,""cross_minus_own_r2"":0.005053446370689496,""cross_minus_car_r2"":0.0025544649106734596,""own_hit"":0.4971747098350641,""car_hit"":0.5033598045204642,""cross_hit"":0.506792629606496,""n"":12808},{""asset"":""XRP"",""own_r2"":-0.008368070171904884,""car_r2"":-0.006596047797989613,""cross_r2"":-0.0035496632370002335,""cross_minus_own_r2"":0.004818406934904651,""cross_minus_car_r2"":0.003046384560989379,""own_hit"":0.5066432498472816,""car_hit"":0.5068723274282224,""cross_hit"":0.5084322298563397,""n"":12808}]"
300,distance,ccz,3,900,3000,10,real_minus_placebo,,,,0.0012317168743308793,0.0012317168743308793,,,0.004550371217286742,0.5821705345468948,,,,,,,,,,
300,distance,ccz,5,1500,3000,10,real,-0.010893355615319289,-0.008542347243880755,-0.004672423285110194,0.006220932330209095,0.0038699239587705603,0.5000763708568811,0.5041049335573545,0.5083626088284711,1.0274079773457836,1.1034661448488399,1.0654370610973118,1.0274079773457836,0.9513498098427267,0.5094696096954058,0.11621692643144123,0.9998471999388799,SOL,0.0070808596803055845,"[{""asset"":""BTC"",""own_r2"":-0.010437811952261233,""car_r2"":-0.008141900083744824,""cross_r2"":-0.0043695358721109745,""cross_minus_own_r2"":0.006068276080150259,""cross_minus_car_r2"":0.0037723642116338496,""own_hit"":0.49098823888804033,""car_hit"":0.5012219337100963,""cross_hit"":0.5081716816862685,""n"":13094},{""asset"":""ETH"",""own_r2"":-0.010908178266402224,""car_r2"":-0.01052814267385993,""cross_r2"":-0.003965530590885447,""cross_minus_own_r2"":0.006942647675516778,""cross_minus_car_r2"":0.006562612082974484,""own_hit"":0.5064151519780052,""car_hit"":0.5063387811211242,""cross_hit"":0.5149686879486788,""n"":13094},{""asset"":""SOL"",""own_r2"":-0.01144058148440319,""car_r2"":-0.007468004835688102,""cross_r2"":-0.004359721804097605,""cross_minus_own_r2"":0.0070808596803055845,""cross_minus_car_r2"":0.0031082830315904975,""own_hit"":0.4961814571559493,""car_hit"":0.5021383839926684,""cross_hit"":0.499847258286238,""n"":13094},{""asset"":""XRP"",""own_r2"":-0.010786850758210509,""car_r2"":-0.008031341382230162,""cross_r2"":-0.005994904873346751,""cross_minus_own_r2"":0.0047919458848637575,""cross_minus_car_r2"":0.00203643650888341,""own_hit"":0.5067206354055293,""car_hit"":0.5067206354055293,""cross_hit"":0.5104628073926989,""n"":13094}]"
300,distance,ccz,5,1500,3000,10,placebo,-0.010893355615319289,-0.008542347243880755,-0.006109724902140179,0.00478363071317911,0.0024326223417405757,0.5000763708568811,0.5041049335573545,0.5044705606746838,0.5085753262185471,0.6210245671558344,0.5647999466871909,0.5085753262185471,0.39612608528126003,0.5039883133144739,0.17568821332284545,0.9993750488243106,SOL,0.007309143832939569,"[{""asset"":""BTC"",""own_r2"":-0.010437811952261233,""car_r2"":-0.008141900083744824,""cross_r2"":-0.007287116258998916,""cross_minus_own_r2"":0.0031506956932623176,""cross_minus_car_r2"":0.0008547838247459083,""own_hit"":0.49098823888804033,""car_hit"":0.5012219337100963,""cross_hit"":0.502030298297673,""n"":12806},{""asset"":""ETH"",""own_r2"":-0.010908178266402224,""car_r2"":-0.01052814267385993,""cross_r2"":-0.006447427076645473,""cross_minus_own_r2"":0.004460751189756751,""cross_minus_car_r2"":0.004080715597214457,""own_hit"":0.5064151519780052,""car_hit"":0.5063387811211242,""cross_hit"":0.5075745744182415,""n"":12806},{""asset"":""SOL"",""own_r2"":-0.01144058148440319,""car_r2"":-0.007468004835688102,""cross_r2"":-0.004131437651463621,""cross_minus_own_r2"":0.007309143832939569,""cross_minus_car_r2"":0.0033365671842244815,""own_hit"":0.4961814571559493,""car_hit"":0.5021383839926684,""cross_hit"":0.5042167733874746,""n"":12806},{""asset"":""XRP"",""own_r2"":-0.010786850758210509,""car_r2"":-0.008031341382230162,""cross_r2"":-0.006572918621452706,""cross_minus_own_r2"":0.004213932136757803,""cross_minus_car_r2"":0.0014584227607774558,""own_hit"":0.5067206354055293,""car_hit"":0.5067206354055293,""cross_hit"":0.504060596595346,""n"":12806}]"
300,distance,ccz,5,1500,3000,10,real_minus_placebo,,,,0.0014373016170299846,0.0014373016170299846,,,0.0038920481537872975,0.5188326511272365,,,,,,,,,,
300,distance,ccz,10,3000,3000,10,real,-0.017149776727473087,-0.013687512501089572,-0.009093137660518835,0.008056639066954252,0.004594374840570736,0.4963327985331194,0.5037436014974406,0.5077164030865613,1.4309160090165802,1.4829068397567244,1.4569114243866523,1.4309160090165802,1.3789251782764362,0.5100725548214503,0.07947237960890247,0.975466218281871,SOL,0.009901093751149892,"[{""asset"":""BTC"",""own_r2"":-0.013890147319388868,""car_r2"":-0.014897798019204656,""cross_r2"":-0.007765371547815203,""cross_minus_own_r2"":0.006124775771573665,""cross_minus_car_r2"":0.0071324264713894525,""own_hit"":0.487661395064558,""car_hit"":0.5044694017877607,""cross_hit"":0.5128734051493621,""n"":13089},{""asset"":""ETH"",""own_r2"":-0.0163821433344451,""car_r2"":-0.014963331996208362,""cross_r2"":-0.0077562206288852575,""cross_minus_own_r2"":0.00862592270555984,""cross_minus_car_r2"":0.007207111367323105,""own_hit"":0.5072962029184812,""car_hit"":0.5050042020016808,""cross_hit"":0.5152418060967224,""n"":13089},{""asset"":""SOL"",""own_r2"":-0.019340691944830235,""car_r2"":-0.01223569651371692,""cross_r2"":-0.009439598193680343,""cross_minus_own_r2"":0.009901093751149892,""cross_minus_car_r2"":0.0027960983200365774,""own_hit"":0.4961417984567194,""car_hit"":0.5011842004736802,""cross_hit"":0.49797539919015965,""n"":13089},{""asset"":""XRP"",""own_r2"":-0.018986124311228147,""car_r2"":-0.012653223475228348,""cross_r2"":-0.011411360271694537,""cross_minus_own_r2"":0.00757476403953361,""cross_minus_car_r2"":0.0012418632035338106,""own_hit"":0.4942317976927191,""car_hit"":0.5043166017266407,""cross_hit"":0.5047750019100008,""n"":13089}]"
300,distance,ccz,10,3000,3000,10,placebo,-0.017149776727473087,-0.013687512501089572,-0.010185387780572874,0.006964388946900213,0.003502124720516697,0.4963327985331194,0.5037436014974406,0.5016014373877041,1.572317900548195,1.6243210133824868,1.5983194569653407,1.572317900548195,1.5203147877139038,0.5011807014883338,0.08128026388604521,0.9998437011566115,SOL,0.012072255746823801,"[{""asset"":""BTC"",""own_r2"":-0.013890147319388868,""car_r2"":-0.014897798019204656,""cross_r2"":-0.011253301716876996,""cross_minus_own_r2"":0.0026368456025118725,""cross_minus_car_r2"":0.00364449630232766,""own_hit"":0.487661395064558,""car_hit"":0.5044694017877607,""cross_hit"":0.48800874931645966,""n"":12801},{""asset"":""ETH"",""own_r2"":-0.0163821433344451,""car_r2"":-0.014963331996208362,""cross_r2"":-0.010350568681925187,""cross_minus_own_r2"":0.006031574652519911,""cross_minus_car_r2"":0.004612763314283175,""own_hit"":0.5072962029184812,""car_hit"":0.5050042020016808,""cross_hit"":0.508241543629404,""n"":12801},{""asset"":""SOL"",""own_r2"":-0.019340691944830235,""car_r2"":-0.01223569651371692,""cross_r2"":-0.007268436198006434,""cross_minus_own_r2"":0.012072255746823801,""cross_minus_car_r2"":0.004967260315710487,""own_hit"":0.4961417984567194,""car_hit"":0.5011842004736802,""cross_hit"":0.4998047027575971,""n"":12801},{""asset"":""XRP"",""own_r2"":-0.018986124311228147,""car_r2"":-0.012653223475228348,""cross_r2"":-0.01186924452548288,""cross_minus_own_r2"":0.007116879785745267,""cross_minus_car_r2"":0.0007839789497454674,""own_hit"":0.4942317976927191,""car_hit"":0.5043166017266407,""cross_hit"":0.5103507538473556,""n"":12801}]"
300,distance,ccz,10,3000,3000,10,real_minus_placebo,,,,0.001092250120054039,0.001092250120054039,,,0.0061149656988571666,-0.14140189153161487,,,,,,,,,,
300,distance,ccz,20,6000,3000,10,real,-0.02341691115783534,-0.015545157919549635,-0.014150385858623271,0.00926652529921207,0.0013947720609263636,0.5087736065448428,0.5160371588041899,0.5113923082804496,3.1299286465680716,3.1539347232330783,3.141931684900574,3.1299286465680716,3.105922569903067,0.5137906508080768,0.03672338483250008,1.0,SOL,0.012348851306812847,"[{""asset"":""BTC"",""own_r2"":-0.018863905512331414,""car_r2"":-0.020231543632371674,""cross_r2"":-0.014021231594636197,""cross_minus_own_r2"":0.004842673917695217,""cross_minus_car_r2"":0.006210312037735477,""own_hit"":0.5016438565639575,""car_hit"":0.5174707546448505,""cross_hit"":0.5169355455310038,""n"":13079},{""asset"":""ETH"",""own_r2"":-0.021361292510188035,""car_r2"":-0.013758691466437156,""cross_r2"":-0.01317556047419921,""cross_minus_own_r2"":0.008185732035988824,""cross_minus_car_r2"":0.0005831309922379457,""own_hit"":0.5176236715345209,""car_hit"":0.5235109717868338,""cross_hit"":0.5196880495450723,""n"":13079},{""asset"":""SOL"",""own_r2"":-0.027155384281644546,""car_r2"":-0.01706004961424923,""cross_r2"":-0.014806532974831699,""cross_minus_own_r2"":0.012348851306812847,""cross_minus_car_r2"":0.00225351663941753,""own_hit"":0.5098249101613274,""car_hit"":0.5096719932716569,""cross_hit"":0.4985855187705482,""n"":13079},{""asset"":""XRP"",""own_r2"":-0.02628706232717737,""car_r2"":-0.01113034696514048,""cross_r2"":-0.014598218390825979,""cross_minus_own_r2"":0.01168884393635139,""cross_minus_car_r2"":-0.003467871425685498,""own_hit"":0.5060019879195657,""car_hit"":0.5134949155134184,""cross_hit"":0.510360119275174,""n"":13079}]"
300,distance,ccz,20,6000,3000,10,placebo,-0.02341691115783534,-0.015545157919549635,-0.020283383510158404,0.003133527647676937,-0.004738225590608769,0.5087736065448428,0.5160371588041899,0.5070948323039637,2.0665706242476154,2.099552325295666,2.0830614747716405,2.0665706242476154,2.0335889231995647,0.5074267845330447,0.05159033481628373,1.0,SOL,0.010959551837132153,"[{""asset"":""BTC"",""own_r2"":-0.018863905512331414,""car_r2"":-0.020231543632371674,""cross_r2"":-0.020885613207936915,""cross_minus_own_r2"":-0.0020217076956055013,""cross_minus_car_r2"":-0.0006540695755652415,""own_hit"":0.5016438565639575,""car_hit"":0.5174707546448505,""cross_hit"":0.5016026893909781,""n"":12791},{""asset"":""ETH"",""own_r2"":-0.021361292510188035,""car_r2"":-0.013758691466437156,""cross_r2"":-0.02071003422184181,""cross_minus_own_r2"":0.0006512582883462237,""cross_minus_car_r2"":-0.006951342755404655,""own_hit"":0.5176236715345209,""car_hit"":0.5235109717868338,""cross_hit"":0.5123133453209288,""n"":12791},{""asset"":""SOL"",""own_r2"":-0.027155384281644546,""car_r2"":-0.01706004961424923,""cross_r2"":-0.016195832444512392,""cross_minus_own_r2"":0.010959551837132153,""cross_minus_car_r2"":0.0008642171697368362,""own_hit"":0.5098249101613274,""car_hit"":0.5096719932716569,""cross_hit"":0.5029317488859354,""n"":12791},{""asset"":""XRP"",""own_r2"":-0.02628706232717737,""car_r2"":-0.01113034696514048,""cross_r2"":-0.023342054166342496,""cross_minus_own_r2"":0.002945008160834872,""cross_minus_car_r2"":-0.012211707201202016,""own_hit"":0.5060019879195657,""car_hit"":0.5134949155134184,""cross_hit"":0.5115315456180126,""n"":12791}]"
300,distance,ccz,20,6000,3000,10,real_minus_placebo,,,,0.0061329976515351325,0.0061329976515351325,,,0.004297475976485887,1.0633580223204562,,,,,,,,,,
300,distance,ccz,30,9000,3000,10,real,-0.03027021130023194,-0.021561828288825247,-0.023590984434156914,0.006679226866075028,-0.0020291561453316675,0.5147295125870379,0.5238159002218992,0.5167954701966485,3.4754135314904326,3.502847826725926,3.489130679108179,3.4754135314904326,3.4479792362549384,0.516127153038041,0.041999839613431886,1.0,SOL,0.013529569783333528,"[{""asset"":""BTC"",""own_r2"":-0.025948367866010846,""car_r2"":-0.022708121782264223,""cross_r2"":-0.024927951381857882,""cross_minus_own_r2"":0.001020416484152964,""cross_minus_car_r2"":-0.002219829599593659,""own_hit"":0.5070013007881246,""car_hit"":0.5412808937179585,""cross_hit"":0.5178667074757058,""n"":13069},{""asset"":""ETH"",""own_r2"":-0.02816989086066357,""car_r2"":-0.021625368751163387,""cross_r2"":-0.0237284022367219,""cross_minus_own_r2"":0.0044414886239416695,""cross_minus_car_r2"":-0.002103033485558514,""own_hit"":0.5218455887979188,""car_hit"":0.5369194276532252,""cross_hit"":0.5256714362231234,""n"":13069},{""asset"":""SOL"",""own_r2"":-0.035856479516738426,""car_r2"":-0.026189497488420255,""cross_r2"":-0.022326909733404898,""cross_minus_own_r2"":0.013529569783333528,""cross_minus_car_r2"":0.0038625877550153564,""own_hit"":0.5115923176983702,""car_hit"":0.5094498431402555,""cross_hit"":0.5023337669293748,""n"":13069},{""asset"":""XRP"",""own_r2"":-0.031106106957514923,""car_r2"":-0.01572432513345312,""cross_r2"":-0.023380674384642974,""cross_minus_own_r2"":0.007725432572871949,""cross_minus_car_r2"":-0.007656349251189853,""own_hit"":0.5184788430637386,""car_hit"":0.5076134363761573,""cross_hit"":0.5213099701583901,""n"":13069}]"
300,distance,ccz,30,9000,3000,10,placebo,-0.03027021130023194,-0.021561828288825247,-0.03866987739812705,-0.008399666097895109,-0.017108049109301804,0.5147295125870379,0.5238159002218992,0.5053790783193803,3.198630029116687,3.255401765306579,3.2270158972116323,3.198630029116687,3.1418582929267966,0.5054322998391165,0.08887247368486302,1.0,SOL,0.0072574456316891744,"[{""asset"":""BTC"",""own_r2"":-0.025948367866010846,""car_r2"":-0.022708121782264223,""cross_r2"":-0.046782723546554106,""cross_minus_own_r2"":-0.02083435568054326,""cross_minus_car_r2"":-0.024074601764289882,""own_hit"":0.5070013007881246,""car_hit"":0.5412808937179585,""cross_hit"":0.5054377591737735,""n"":12781},{""asset"":""ETH"",""own_r2"":-0.02816989086066357,""car_r2"":-0.021625368751163387,""cross_r2"":-0.037010109855662554,""cross_minus_own_r2"":-0.008840218994998983,""cross_minus_car_r2"":-0.015384741104499167,""own_hit"":0.5218455887979188,""car_hit"":0.5369194276532252,""cross_hit"":0.5043423832250997,""n"":12781},{""asset"":""SOL"",""own_r2"":-0.035856479516738426,""car_r2"":-0.026189497488420255,""cross_r2"":-0.028599033885049252,""cross_minus_own_r2"":0.0072574456316891744,""cross_minus_car_r2"":-0.0024095363966289973,""own_hit"":0.5115923176983702,""car_hit"":0.5094498431402555,""cross_hit"":0.5012127376574603,""n"":12781},{""asset"":""XRP"",""own_r2"":-0.031106106957514923,""car_r2"":-0.01572432513345312,""cross_r2"":-0.04228764230524229,""cross_minus_own_r2"":-0.011181535347727367,""cross_minus_car_r2"":-0.02656331717178917,""own_hit"":0.5184788430637386,""car_hit"":0.5076134363761573,""cross_hit"":0.5105234332211877,""n"":12781}]"
300,distance,ccz,30,9000,3000,10,real_minus_placebo,,,,0.015078892963970136,0.015078892963970136,,,0.011416391877268173,0.2767835023737457,,,,,,,,,,
300,pca,ccz,1,300,3000,10,real,-0.004091592375274622,-0.0018371359641154439,-0.0009127616093406177,0.0031788307659340043,0.0009243743547748262,0.4920980302336234,0.4971751412429379,0.4950564971751412,0.012063265957657651,0.1763795206793607,0.09422139331850915,0.012063265957657651,-0.1522529887640453,0.5060058262500499,0.2509986324321438,0.9715114946918201,XRP,0.0047797338586133,"[{""asset"":""BTC"",""own_r2"":-0.003117686316607582,""car_r2"":-0.0017698919594371088,""cross_r2"":-0.001382852557081371,""cross_minus_own_r2"":0.0017348337595262109,""cross_minus_car_r2"":0.00038703940235573775,""own_hit"":0.4937395022140785,""car_hit"":0.5100778744846541,""cross_hit"":0.5049625897083524,""n"":13098},{""asset"":""ETH"",""own_r2"":-0.0037543434769264916,""car_r2"":-0.0020510862872875624,""cross_r2"":-0.0007797825359423527,""cross_minus_own_r2"":0.002974560940984139,""cross_minus_car_r2"":0.0012713037513452097,""own_hit"":0.5022904260192396,""car_hit"":0.5083218812032372,""cross_hit"":0.5058024125820736,""n"":13098},{""asset"":""SOL"",""own_r2"":-0.004146615986650115,""car_r2"":-0.0017353879749324452,""cross_r2"":-0.0009204214820377477,""cross_minus_own_r2"":0.0032261945046123675,""cross_minus_car_r2"":0.0008149664928946976,""own_hit"":0.48343258512750037,""car_hit"":0.4795388608947931,""cross_hit"":0.4790807756909452,""n"":13098},{""asset"":""XRP"",""own_r2"":-0.005347723720914299,""car_r2"":-0.0017921776348046592,""cross_r2"":-0.0005679898623009993,""cross_minus_own_r2"":0.0047797338586133,""cross_minus_car_r2"":0.0012241877725036598,""own_hit"":0.4889296075736754,""car_hit"":0.49076194838906706,""cross_hit"":0.49038021071919374,""n"":13098}]"
300,pca,ccz,1,300,3000,10,placebo,-0.004091592375274622,-0.0018371359641154439,-0.0008071307137380024,0.0032844616615366196,0.0010300052503774415,0.4920980302336234,0.4971751412429379,0.492896174863388,-0.17000640111261942,0.19127881940316216,0.010636209145271358,-0.17000640111261942,-0.5312916216284013,0.5008566078329814,0.5642877321605337,0.9925029285435377,XRP,0.004849858955286557,"[{""asset"":""BTC"",""own_r2"":-0.003117686316607582,""car_r2"":-0.0017698919594371088,""cross_r2"":-0.0003397546234811255,""cross_minus_own_r2"":0.0027779316931264564,""cross_minus_car_r2"":0.0014301373359559832,""own_hit"":0.4937395022140785,""car_hit"":0.5100778744846541,""cross_hit"":0.5027322404371585,""n"":12810},{""asset"":""ETH"",""own_r2"":-0.0037543434769264916,""car_r2"":-0.0020510862872875624,""cross_r2"":-0.001471068079652138,""cross_minus_own_r2"":0.0022832753972743536,""cross_minus_car_r2"":0.0005800182076354243,""own_hit"":0.5022904260192396,""car_hit"":0.5083218812032372,""cross_hit"":0.49750195160031224,""n"":12810},{""asset"":""SOL"",""own_r2"":-0.004146615986650115,""car_r2"":-0.0017353879749324452,""cross_r2"":-0.0009198353861910036,""cross_minus_own_r2"":0.0032267806004591115,""cross_minus_car_r2"":0.0008155525887414417,""own_hit"":0.48343258512750037,""car_hit"":0.4795388608947931,""cross_hit"":0.4808743169398907,""n"":12810},{""asset"":""XRP"",""own_r2"":-0.005347723720914299,""car_r2"":-0.0017921776348046592,""cross_r2"":-0.0004978647656277424,""cross_minus_own_r2"":0.004849858955286557,""cross_minus_car_r2"":0.0012943128691769168,""own_hit"":0.4889296075736754,""car_hit"":0.49076194838906706,""cross_hit"":0.49047619047619045,""n"":12810}]"
300,pca,ccz,1,300,3000,10,real_minus_placebo,,,,-0.0001056308956026153,-0.0001056308956026153,,,0.0021603223117532266,0.18206966707027705,,,,,,,,,,
300,pca,ccz,2,600,3000,10,real,-0.006076241016001405,-0.004250293037467268,-0.001984829760949436,0.004091411255051969,0.0022654632765178317,0.5028250744445293,0.5110712376880202,0.5106703825303505,0.507945619445084,0.6671235909261555,0.5875346051856197,0.507945619445084,0.34876764796401294,0.5123693266670996,0.24316830351523255,0.9992361747632141,XRP,0.005118673361662829,"[{""asset"":""BTC"",""own_r2"":-0.005678691304271233,""car_r2"":-0.003857884987524818,""cross_r2"":-0.0025439759460994527,""cross_minus_own_r2"":0.00313471535817178,""cross_minus_car_r2"":0.0013139090414253651,""own_hit"":0.5046193784836221,""car_hit"":0.5198136977933878,""cross_hit"":0.5159196762617393,""n"":13097},{""asset"":""ETH"",""own_r2"":-0.005834034803443577,""car_r2"":-0.004794682706012798,""cross_r2"":-0.0021521381164688602,""cross_minus_own_r2"":0.003681896686974717,""cross_minus_car_r2"":0.002642544589543938,""own_hit"":0.5009544170420707,""car_hit"":0.5112621210964343,""cross_hit"":0.5120256547300909,""n"":13097},{""asset"":""SOL"",""own_r2"":-0.005991774102365843,""car_r2"":-0.004211733341942692,""cross_r2"":-0.0015614144889672943,""cross_minus_own_r2"":0.004430359613398549,""cross_minus_car_r2"":0.0026503188529753974,""own_hit"":0.5027105443994808,""car_hit"":0.5050011453004505,""cross_hit"":0.5043139650301596,""n"":13097},{""asset"":""XRP"",""own_r2"":-0.006800463853924965,""car_r2"":-0.004136871114388763,""cross_r2"":-0.0016817904922621363,""cross_minus_own_r2"":0.005118673361662829,""cross_minus_car_r2"":0.0024550806221266264,""own_hit"":0.5030159578529434,""car_hit"":0.5082079865618081,""cross_hit"":0.5104222340994121,""n"":13097}]"
300,pca,ccz,2,600,3000,10,placebo,-0.006076241016001405,-0.004250293037467268,-0.002181367454394345,0.0038948735616070596,0.0020689255830729225,0.5028250744445293,0.5110712376880202,0.5057186353345304,-0.08147423272772408,0.22799037626345697,0.07325807176786642,-0.08147423272772408,-0.39093884171890525,0.5060167863282435,0.4833873929884116,0.9707122774133083,XRP,0.004977922780629029,"[{""asset"":""BTC"",""own_r2"":-0.005678691304271233,""car_r2"":-0.003857884987524818,""cross_r2"":-0.00234940414153173,""cross_minus_own_r2"":0.0033292871627395026,""cross_minus_car_r2"":0.0015084808459930876,""own_hit"":0.5046193784836221,""car_hit"":0.5198136977933878,""cross_hit"":0.5057381528612694,""n"":12809},{""asset"":""ETH"",""own_r2"":-0.005834034803443577,""car_r2"":-0.004794682706012798,""cross_r2"":-0.0027110009851851746,""cross_minus_own_r2"":0.0031230338182584028,""cross_minus_car_r2"":0.0020836817208276237,""own_hit"":0.5009544170420707,""car_hit"":0.5112621210964343,""cross_hit"":0.5073776251073464,""n"":12809},{""asset"":""SOL"",""own_r2"":-0.005991774102365843,""car_r2"":-0.004211733341942692,""cross_r2"":-0.0018425236175645399,""cross_minus_own_r2"":0.004149250484801303,""cross_minus_car_r2"":0.002369209724378152,""own_hit"":0.5027105443994808,""car_hit"":0.5050011453004505,""cross_hit"":0.5045671012569287,""n"":12809},{""asset"":""XRP"",""own_r2"":-0.006800463853924965,""car_r2"":-0.004136871114388763,""cross_r2"":-0.0018225410732959357,""cross_minus_own_r2"":0.004977922780629029,""cross_minus_car_r2"":0.002314330041092827,""own_hit"":0.5030159578529434,""car_hit"":0.5082079865618081,""cross_hit"":0.505191662112577,""n"":12809}]"
300,pca,ccz,2,600,3000,10,real_minus_placebo,,,,0.00019653769344490923,0.00019653769344490923,,,0.004951747195820033,0.589419852172808,,,,,,,,,,
300,pca,ccz,3,900,3000,10,real,-0.007900034764848352,-0.006487733058410938,-0.003001405427180137,0.004898629337668214,0.003486327631230801,0.5031498167379352,0.5071204948075748,0.5113011606597435,0.7429923185967076,0.8488984389322523,0.79594537876448,0.7429923185967076,0.6370861982611624,0.5121850588623611,0.16179989356893273,0.9749446184401497,SOL,0.005766083977980063,"[{""asset"":""BTC"",""own_r2"":-0.007829299963940217,""car_r2"":-0.006741753156213948,""cross_r2"":-0.003181539416684309,""cross_minus_own_r2"":0.004647760547255908,""cross_minus_car_r2"":0.0035602137395296385,""own_hit"":0.5009163103237629,""car_hit"":0.5120647525962125,""cross_hit"":0.5120647525962125,""n"":13096},{""asset"":""ETH"",""own_r2"":-0.00773923132152099,""car_r2"":-0.007290275226167875,""cross_r2"":-0.00264070878984235,""cross_minus_own_r2"":0.00509852253167864,""cross_minus_car_r2"":0.004649566436325525,""own_hit"":0.5051924251679902,""car_hit"":0.5061850946854001,""cross_hit"":0.5168753817959683,""n"":13096},{""asset"":""SOL"",""own_r2"":-0.008115572051647257,""car_r2"":-0.005322856053272318,""cross_r2"":-0.002349488073667194,""cross_minus_own_r2"":0.005766083977980063,""cross_minus_car_r2"":0.0029733679796051238,""own_hit"":0.49885461209529625,""car_hit"":0.5033598045204642,""cross_hit"":0.502672571777642,""n"":13096},{""asset"":""XRP"",""own_r2"":-0.007916035722284942,""car_r2"":-0.006596047797989613,""cross_r2"":-0.0038338854285266954,""cross_minus_own_r2"":0.0040821502937582466,""cross_minus_car_r2"":0.002762162369462917,""own_hit"":0.5076359193646915,""car_hit"":0.5068723274282224,""cross_hit"":0.5135919364691509,""n"":13096}]"
300,pca,ccz,3,900,3000,10,placebo,-0.007900034764848352,-0.006487733058410938,-0.0038482270131440788,0.004051807751704273,0.0026395060452668595,0.5031498167379352,0.5071204948075748,0.5066559962523423,-0.12423224833956109,0.08121639256505497,-0.021507927887252976,-0.12423224833956109,-0.3296808892441776,0.5059528696937351,0.3209382815037356,0.9998437866125127,SOL,0.0053727534995007264,"[{""asset"":""BTC"",""own_r2"":-0.007829299963940217,""car_r2"":-0.006741753156213948,""cross_r2"":-0.004690004295788475,""cross_minus_own_r2"":0.0031392956681517425,""cross_minus_car_r2"":0.002051748860425473,""own_hit"":0.5009163103237629,""car_hit"":0.5120647525962125,""cross_hit"":0.5039818863210493,""n"":12808},{""asset"":""ETH"",""own_r2"":-0.00773923132152099,""car_r2"":-0.007290275226167875,""cross_r2"":-0.004602876079558005,""cross_minus_own_r2"":0.0031363552419629848,""cross_minus_car_r2"":0.00268739914660987,""own_hit"":0.5051924251679902,""car_hit"":0.5061850946854001,""cross_hit"":0.5039818863210493,""n"":12808},{""asset"":""SOL"",""own_r2"":-0.008115572051647257,""car_r2"":-0.005322856053272318,""cross_r2"":-0.002742818552146531,""cross_minus_own_r2"":0.0053727534995007264,""cross_minus_car_r2"":0.002580037501125787,""own_hit"":0.49885461209529625,""car_hit"":0.5033598045204642,""cross_hit"":0.5069487820112429,""n"":12808},{""asset"":""XRP"",""own_r2"":-0.007916035722284942,""car_r2"":-0.006596047797989613,""cross_r2"":-0.0033572091250833047,""cross_minus_own_r2"":0.004558826597201637,""cross_minus_car_r2"":0.003238838672906308,""own_hit"":0.5076359193646915,""car_hit"":0.5068723274282224,""cross_hit"":0.5117114303560275,""n"":12808}]"
300,pca,ccz,3,900,3000,10,real_minus_placebo,,,,0.0008468215859639416,0.0008468215859639416,,,0.004645164407401259,0.8672245669362686,,,,,,,,,,
300,pca,ccz,5,1500,3000,10,real,-0.010735252964058584,-0.008542347243880755,-0.0050748645287899685,0.005660388435268615,0.003467482715090786,0.502940277989919,0.5041049335573545,0.511818390102337,1.4000567785319031,1.4802140255555614,1.4401354020437322,1.4000567785319031,1.3198995315082447,0.512627197039778,0.12248032244427899,1.0,SOL,0.0072703548077130975,"[{""asset"":""BTC"",""own_r2"":-0.009973980761329715,""car_r2"":-0.008141900083744824,""cross_r2"":-0.005019329552715224,""cross_minus_own_r2"":0.004954651208614491,""cross_minus_car_r2"":0.0031225705310296004,""own_hit"":0.49434855659080496,""car_hit"":0.5012219337100963,""cross_hit"":0.5140522376661066,""n"":13094},{""asset"":""ETH"",""own_r2"":-0.01097389591156217,""car_r2"":-0.01052814267385993,""cross_r2"":-0.003964824702972436,""cross_minus_own_r2"":0.007009071208589734,""cross_minus_car_r2"":0.0065633179708874945,""own_hit"":0.5073316022605774,""car_hit"":0.5063387811211242,""cross_hit"":0.515961509088132,""n"":13094},{""asset"":""SOL"",""own_r2"":-0.011847856721235228,""car_r2"":-0.007468004835688102,""cross_r2"":-0.004577501913522131,""cross_minus_own_r2"":0.0072703548077130975,""cross_minus_car_r2"":0.0028905029221659717,""own_hit"":0.5028257217045975,""car_hit"":0.5021383839926684,""cross_hit"":0.5026729799908355,""n"":13094},{""asset"":""XRP"",""own_r2"":-0.010145278462107221,""car_r2"":-0.008031341382230162,""cross_r2"":-0.006737801945950084,""cross_minus_own_r2"":0.0034074765161571374,""cross_minus_car_r2"":0.0012935394362800778,""own_hit"":0.5072552314036963,""car_hit"":0.5067206354055293,""cross_hit"":0.5145868336642737,""n"":13094}]"
300,pca,ccz,5,1500,3000,10,placebo,-0.010735252964058584,-0.008542347243880755,-0.006400060541945252,0.004335192422113332,0.002142286701935503,0.502940277989919,0.5041049335573545,0.5069889114477588,0.2993680086157712,0.43258651125710135,0.36597725993643637,0.2993680086157712,0.16614950597444078,0.5054267844002943,0.20813764962320164,0.9996875244121552,SOL,0.00732597271122426,"[{""asset"":""BTC"",""own_r2"":-0.009973980761329715,""car_r2"":-0.008141900083744824,""cross_r2"":-0.007418059893793849,""cross_minus_own_r2"":0.0025559208675358658,""cross_minus_car_r2"":0.000723840189950975,""own_hit"":0.49434855659080496,""car_hit"":0.5012219337100963,""cross_hit"":0.5042167733874746,""n"":12806},{""asset"":""ETH"",""own_r2"":-0.01097389591156217,""car_r2"":-0.01052814267385993,""cross_r2"":-0.006484077566107249,""cross_minus_own_r2"":0.004489818345454921,""cross_minus_car_r2"":0.004044065107752681,""own_hit"":0.5073316022605774,""car_hit"":0.5063387811211242,""cross_hit"":0.5092144307355927,""n"":12806},{""asset"":""SOL"",""own_r2"":-0.011847856721235228,""car_r2"":-0.007468004835688102,""cross_r2"":-0.004521884010010968,""cross_minus_own_r2"":0.00732597271122426,""cross_minus_car_r2"":0.0029461208256771343,""own_hit"":0.5028257217045975,""car_hit"":0.5021383839926684,""cross_hit"":0.5053100109323755,""n"":12806},{""asset"":""XRP"",""own_r2"":-0.010145278462107221,""car_r2"":-0.008031341382230162,""cross_r2"":-0.00717622069786894,""cross_minus_own_r2"":0.002969057764238281,""cross_minus_car_r2"":0.0008551206843612214,""own_hit"":0.5072552314036963,""car_hit"":0.5067206354055293,""cross_hit"":0.5092144307355927,""n"":12806}]"
300,pca,ccz,5,1500,3000,10,real_minus_placebo,,,,0.0013251960131552831,0.0013251960131552831,,,0.004829478654578168,1.100688769916132,,,,,,,,,,
300,pca,ccz,10,3000,3000,10,real,-0.01652937709763702,-0.013687512501089572,-0.008759060368492111,0.0077703167291449105,0.004928452132597461,0.4979562991825197,0.5037436014974406,0.5121667048666819,2.245762175127968,2.2931934831417666,2.269477829134867,2.245762175127968,2.1983308671141706,0.5144513356844623,0.07250276370192307,0.975466218281871,SOL,0.010334296326551362,"[{""asset"":""BTC"",""own_r2"":-0.01328416842752489,""car_r2"":-0.014897798019204656,""cross_r2"":-0.007357835228286369,""cross_minus_own_r2"":0.00592633319923852,""cross_minus_car_r2"":0.0075399627909182865,""own_hit"":0.4882725953090381,""car_hit"":0.5044694017877607,""cross_hit"":0.5153946061578425,""n"":13089},{""asset"":""ETH"",""own_r2"":-0.016575766340512832,""car_r2"":-0.014963331996208362,""cross_r2"":-0.00795574353449613,""cross_minus_own_r2"":0.008620022806016703,""cross_minus_car_r2"":0.007007588461712233,""own_hit"":0.5075254030101612,""car_hit"":0.5050042020016808,""cross_hit"":0.5171518068607227,""n"":13089},{""asset"":""SOL"",""own_r2"":-0.018802396536617527,""car_r2"":-0.01223569651371692,""cross_r2"":-0.008468100210066165,""cross_minus_own_r2"":0.010334296326551362,""cross_minus_car_r2"":0.0037675963036507554,""own_hit"":0.5027122010848805,""car_hit"":0.5011842004736802,""cross_hit"":0.50026740010696,""n"":13089},{""asset"":""XRP"",""own_r2"":-0.017455177085892837,""car_r2"":-0.012653223475228348,""cross_r2"":-0.01125456250111978,""cross_minus_own_r2"":0.0062006145847730565,""cross_minus_car_r2"":0.0013986609741085676,""own_hit"":0.4933149973259989,""car_hit"":0.5043166017266407,""cross_hit"":0.5158530063412026,""n"":13089}]"
300,pca,ccz,10,3000,3000,10,placebo,-0.01652937709763702,-0.013687512501089572,-0.011924940394986427,0.004604436702650594,0.001762572106103144,0.4979562991825197,0.5037436014974406,0.500996015936255,1.2176677916250802,1.2770943050652892,1.2473810483451842,1.2176677916250802,1.1582412781848712,0.5008607703894986,0.09288295317319271,1.0,SOL,0.011825176677141558,"[{""asset"":""BTC"",""own_r2"":-0.01328416842752489,""car_r2"":-0.014897798019204656,""cross_r2"":-0.011541507157674102,""cross_minus_own_r2"":0.001742661269850787,""cross_minus_car_r2"":0.003356290861530553,""own_hit"":0.4882725953090381,""car_hit"":0.5044694017877607,""cross_hit"":0.49175845637059606,""n"":12801},{""asset"":""ETH"",""own_r2"":-0.016575766340512832,""car_r2"":-0.014963331996208362,""cross_r2"":-0.010253974017363499,""cross_minus_own_r2"":0.006321792323149333,""cross_minus_car_r2"":0.004709357978844864,""own_hit"":0.5075254030101612,""car_hit"":0.5050042020016808,""cross_hit"":0.5079290680415592,""n"":12801},{""asset"":""SOL"",""own_r2"":-0.018802396536617527,""car_r2"":-0.01223569651371692,""cross_r2"":-0.006977219859475969,""cross_minus_own_r2"":0.011825176677141558,""cross_minus_car_r2"":0.005258476654240951,""own_hit"":0.5027122010848805,""car_hit"":0.5011842004736802,""cross_hit"":0.5019139129755488,""n"":12801},{""asset"":""XRP"",""own_r2"":-0.017455177085892837,""car_r2"":-0.012653223475228348,""cross_r2"":-0.01892706054543214,""cross_minus_own_r2"":-0.0014718834595393027,""cross_minus_car_r2"":-0.0062738370702037916,""own_hit"":0.4933149973259989,""car_hit"":0.5043166017266407,""cross_hit"":0.5023826263573158,""n"":12801}]"
300,pca,ccz,10,3000,3000,10,real_minus_placebo,,,,0.0031658800264943165,0.0031658800264943165,,,0.011170688930426942,1.028094383502888,,,,,,,,,,
300,pca,ccz,20,6000,3000,10,real,-0.023275479055973103,-0.015545157919549635,-0.013415683637645559,0.009859795418327544,0.0021294742819040757,0.5091176695466014,0.5160371588041899,0.519516018044193,4.323489684814419,4.3546688272585685,4.339079256036493,4.323489684814419,4.292310542370269,0.520092946965555,0.04769640881772882,0.9999235123145174,SOL,0.013457008492649525,"[{""asset"":""BTC"",""own_r2"":-0.018373299094057494,""car_r2"":-0.020231543632371674,""cross_r2"":-0.012855334909204652,""cross_minus_own_r2"":0.005517964184852842,""cross_minus_car_r2"":0.0073762087231670215,""own_hit"":0.5053903203608838,""car_hit"":0.5174707546448505,""cross_hit"":0.5224405535591407,""n"":13079},{""asset"":""ETH"",""own_r2"":-0.02162410431156503,""car_r2"":-0.013758691466437156,""cross_r2"":-0.012779674721015821,""cross_minus_own_r2"":0.008844429590549208,""cross_minus_car_r2"":0.000979016745421335,""own_hit"":0.5177765884241915,""car_hit"":0.5235109717868338,""cross_hit"":0.5249636822387033,""n"":13079},{""asset"":""SOL"",""own_r2"":-0.02723167208950894,""car_r2"":-0.01706004961424923,""cross_r2"":-0.013774663596859416,""cross_minus_own_r2"":0.013457008492649525,""cross_minus_car_r2"":0.003285386017389813,""own_hit"":0.5105894946096796,""car_hit"":0.5096719932716569,""cross_hit"":0.5040140683538497,""n"":13079},{""asset"":""XRP"",""own_r2"":-0.02587284072876095,""car_r2"":-0.01113034696514048,""cross_r2"":-0.014253061323502347,""cross_minus_own_r2"":0.011619779405258601,""cross_minus_car_r2"":-0.0031227143583618666,""own_hit"":0.5027142747916508,""car_hit"":0.5134949155134184,""cross_hit"":0.5266457680250783,""n"":13079}]"
300,pca,ccz,20,6000,3000,10,placebo,-0.023275479055973103,-0.015545157919549635,-0.02449900023573781,-0.0012235211797647083,-0.008953842316188176,0.5091176695466014,0.5160371588041899,0.5057266828238605,1.4540206902979758,1.494836833447799,1.474428761872887,1.4540206902979758,1.4132045471481507,0.5063260585336418,0.0638450541996312,1.0,SOL,0.010840958171435044,"[{""asset"":""BTC"",""own_r2"":-0.018373299094057494,""car_r2"":-0.020231543632371674,""cross_r2"":-0.022360031767518773,""cross_minus_own_r2"":-0.00398673267346128,""cross_minus_car_r2"":-0.0021284881351470997,""own_hit"":0.5053903203608838,""car_hit"":0.5174707546448505,""cross_hit"":0.50121178953952,""n"":12791},{""asset"":""ETH"",""own_r2"":-0.02162410431156503,""car_r2"":-0.013758691466437156,""cross_r2"":-0.02210000855692429,""cross_minus_own_r2"":-0.0004759042453592599,""cross_minus_car_r2"":-0.008341317090487133,""own_hit"":0.5177765884241915,""car_hit"":0.5235109717868338,""cross_hit"":0.5069189273708076,""n"":12791},{""asset"":""SOL"",""own_r2"":-0.02723167208950894,""car_r2"":-0.01706004961424923,""cross_r2"":-0.016390713918073896,""cross_minus_own_r2"":0.010840958171435044,""cross_minus_car_r2"":0.0006693356961753327,""own_hit"":0.5105894946096796,""car_hit"":0.5096719932716569,""cross_hit"":0.4996481901336878,""n"":12791},{""asset"":""XRP"",""own_r2"":-0.02587284072876095,""car_r2"":-0.01113034696514048,""cross_r2"":-0.03714524670043429,""cross_minus_own_r2"":-0.011272405971673338,""cross_minus_car_r2"":-0.026014899735293806,""own_hit"":0.5027142747916508,""car_hit"":0.5134949155134184,""cross_hit"":0.5151278242514268,""n"":12791}]"
300,pca,ccz,20,6000,3000,10,real_minus_placebo,,,,0.011083316598092252,0.011083316598092252,,,0.013789335220332544,2.869468994516443,,,,,,,,,,
300,pca,ccz,30,9000,3000,10,real,-0.030697463878119835,-0.021561828288825247,-0.02415263937333262,0.006544824504787217,-0.0025908110845073717,0.5150164511439284,0.5238159002218992,0.5207934807559874,3.605014593815244,3.642699730712766,3.6238571622640023,3.605014593815244,3.5673294569177187,0.5207703048638586,0.05769310608928983,1.0,SOL,0.0132754290794721,"[{""asset"":""BTC"",""own_r2"":-0.025437472884899837,""car_r2"":-0.022708121782264223,""cross_r2"":-0.024051526018523006,""cross_minus_own_r2"":0.0013859468663768304,""cross_minus_car_r2"":-0.0013434042362587828,""own_hit"":0.5091437753462392,""car_hit"":0.5412808937179585,""cross_hit"":0.5219221057464228,""n"":13069},{""asset"":""ETH"",""own_r2"":-0.028483435744617314,""car_r2"":-0.021625368751163387,""cross_r2"":-0.02403846079750327,""cross_minus_own_r2"":0.004444974947114044,""cross_minus_car_r2"":-0.002413092046339882,""own_hit"":0.5216160379524064,""car_hit"":0.5369194276532252,""cross_hit"":0.524523681995562,""n"":13069},{""asset"":""SOL"",""own_r2"":-0.03610968273198223,""car_r2"":-0.026189497488420255,""cross_r2"":-0.022834253652510128,""cross_minus_own_r2"":0.0132754290794721,""cross_minus_car_r2"":0.0033552438359101266,""own_hit"":0.5137347922564848,""car_hit"":0.5094498431402555,""cross_hit"":0.5026398347233912,""n"":13069},{""asset"":""XRP"",""own_r2"":-0.03275926415097996,""car_r2"":-0.01572432513345312,""cross_r2"":-0.02568631702479407,""cross_minus_own_r2"":0.007072947126185891,""cross_minus_car_r2"":-0.009961991891340949,""own_hit"":0.515571199020583,""car_hit"":0.5076134363761573,""cross_hit"":0.5340883005585737,""n"":13069}]"
300,pca,ccz,30,9000,3000,10,placebo,-0.030697463878119835,-0.021561828288825247,-0.04055412296717564,-0.009856659089055808,-0.018992294678350397,0.5150164511439284,0.5238159002218992,0.5047531492058525,-0.5818344023594157,-0.5352545780878009,-0.558544490223607,-0.5818344023594157,-0.6284142266310253,0.5043946866051543,0.07291769610459081,1.0,SOL,0.0073785321405435145,"[{""asset"":""BTC"",""own_r2"":-0.025437472884899837,""car_r2"":-0.022708121782264223,""cross_r2"":-0.03657541624155258,""cross_minus_own_r2"":-0.011137943356652746,""cross_minus_car_r2"":-0.01386729445928836,""own_hit"":0.5091437753462392,""car_hit"":0.5412808937179585,""cross_hit"":0.5066896174008294,""n"":12781},{""asset"":""ETH"",""own_r2"":-0.028483435744617314,""car_r2"":-0.021625368751163387,""cross_r2"":-0.03541783305650115,""cross_minus_own_r2"":-0.006934397311883833,""cross_minus_car_r2"":-0.01379246430533776,""own_hit"":0.5216160379524064,""car_hit"":0.5369194276532252,""cross_hit"":0.5049683123386276,""n"":12781},{""asset"":""SOL"",""own_r2"":-0.03610968273198223,""car_r2"":-0.026189497488420255,""cross_r2"":-0.028731150591438714,""cross_minus_own_r2"":0.0073785321405435145,""cross_minus_car_r2"":-0.0025416531030184597,""own_hit"":0.5137347922564848,""car_hit"":0.5094498431402555,""cross_hit"":0.49784836867224785,""n"":12781},{""asset"":""XRP"",""own_r2"":-0.03275926415097996,""car_r2"":-0.01572432513345312,""cross_r2"":-0.06149209197921013,""cross_minus_own_r2"":-0.028732827828230167,""cross_minus_car_r2"":-0.04576776684575701,""own_hit"":0.515571199020583,""car_hit"":0.5076134363761573,""cross_hit"":0.5095062984117049,""n"":12781}]"
300,pca,ccz,30,9000,3000,10,real_minus_placebo,,,,0.016401483593843025,0.016401483593843025,,,0.016040331550134956,4.1868489961746596,,,,,,,,,,

